section,patient,panel,target,smooth,n_genes,med_all,mean_all,heg50_mean,top50_testpcc,top100_testpcc
A1,A,hvg737_train,cp10k,raw,737,0.04785434644302999,0.05412727127620892,0.09975445476252862,0.2636625732728678,0.22332793616363264
A2,A,hvg737_train,cp10k,raw,737,0.04026040060342534,0.04610428517722185,0.07946468276029646,0.2596872852996633,0.21578485324041505
A3,A,hvg737_train,cp10k,raw,737,0.059303646887831754,0.06646032007982934,0.07418912790447661,0.28226074422692987,0.23895532335052017
A4,A,hvg737_train,cp10k,raw,737,0.03855019466756289,0.04336312478256756,0.04185931211532926,0.2580917638709625,0.20845567867464987
A5,A,hvg737_train,cp10k,raw,737,0.03809824788269134,0.05080000257482708,0.03573526896542644,0.2617696336157001,0.21869840224632256
A6,A,hvg737_train,cp10k,raw,737,0.05575256807887537,0.058491048084243324,0.05350180979166861,0.21595350054803958,0.18997264674456743
A1,A,hvg737_train,cp10k,smooth,737,0.08302126520137126,0.08727828966994133,0.15690075996715783,0.42316564841245125,0.36544694209121426
A2,A,hvg737_train,cp10k,smooth,737,0.05596609220432702,0.05592547316959682,0.10388230814553284,0.36083271710767467,0.30900637557154736
A3,A,hvg737_train,cp10k,smooth,737,0.07152914014712643,0.0812854799486333,0.08567960100238795,0.38940951191955103,0.33871523489115113
A4,A,hvg737_train,cp10k,smooth,737,0.07101275039948067,0.0626739555968211,0.05689834446073338,0.37449745566377873,0.3200161310755007
A5,A,hvg737_train,cp10k,smooth,737,0.06344544858825132,0.0713904029097208,0.02758249365307955,0.36812661149624093,0.3201123660609255
A6,A,hvg737_train,cp10k,smooth,737,0.11747088614062073,0.11583861448002723,0.11629160047146421,0.39988416826593165,0.36028274555103834
A1,A,hvg737_train,scprep,raw,737,0.031909130181306006,0.0401637791933047,0.08840304123287172,0.26284514063246067,0.21755279159713073
A2,A,hvg737_train,scprep,raw,737,0.023671967664544283,0.038233152732893606,0.0850098270382904,0.2755252715873618,0.22485803860394532
A3,A,hvg737_train,scprep,raw,737,0.045771401672238775,0.05552431600357944,0.07951155278069547,0.2821142871519953,0.23675159228769047
A4,A,hvg737_train,scprep,raw,737,0.030705438512901816,0.036986332023882844,0.051529662252066226,0.27061430918819523,0.2176181886319761
A5,A,hvg737_train,scprep,raw,737,0.03075960980328854,0.04554634199570601,0.049762161688762935,0.2679618041014894,0.222280101320042
A6,A,hvg737_train,scprep,raw,737,0.03889167527755094,0.04011749027286464,0.04854166523486114,0.19798273061678281,0.17099108906665872
A1,A,hvg737_train,scprep,smooth,737,0.04502753786496299,0.05470435524760059,0.12695912764725545,0.3756737205969822,0.32073758734349034
A2,A,hvg737_train,scprep,smooth,737,0.03349983460876766,0.03923053706139074,0.10113329715287803,0.34460946134270143,0.2930336439056473
A3,A,hvg737_train,scprep,smooth,737,0.05904653472836948,0.061209982658816504,0.08821819841934454,0.35521073849928236,0.3023912931454876
A4,A,hvg737_train,scprep,smooth,737,0.05147940533375054,0.04590818426295775,0.0635556785820605,0.3487616706153688,0.2976717187118017
A5,A,hvg737_train,scprep,smooth,737,0.0495625908027226,0.052291920349017654,0.03409355331586771,0.34030469336128816,0.2890265752995933
A6,A,hvg737_train,scprep,smooth,737,0.08251850261956331,0.08093530886468066,0.10086525679937405,0.37396222027581766,0.3257561411866962
A1,A,htg785_fixed,cp10k,raw,785,0.026576014023799988,0.02939011361500583,0.07926693857654349,0.1953764744247285,0.16003844265624437
A2,A,htg785_fixed,cp10k,raw,785,0.04643801701003282,0.048584805025500125,0.055916950653940194,0.20936361225431416,0.17610622691984554
A3,A,htg785_fixed,cp10k,raw,785,0.05853338785960841,0.055966241338419875,0.06057026984917395,0.20686797915755126,0.1774843170215411
A4,A,htg785_fixed,cp10k,raw,785,0.039544318239029264,0.0420364444070552,0.0393261339308745,0.20021094329630543,0.16679732350513773
A5,A,htg785_fixed,cp10k,raw,785,0.03962979732202569,0.04091146800248348,0.043250810063882913,0.18254254540529366,0.15643819226278854
A6,A,htg785_fixed,cp10k,raw,785,0.0470328473036818,0.04705639436254559,0.09150114455983392,0.1921496374950609,0.16352527056008992
A1,A,htg785_fixed,cp10k,smooth,785,0.03654659658642074,0.038890727829688,0.10485041961631701,0.29729957848060573,0.2526267678432937
A2,A,htg785_fixed,cp10k,smooth,785,0.08847457807668023,0.07832296497141988,0.07709068641822832,0.3258904297334737,0.2860803033712395
A3,A,htg785_fixed,cp10k,smooth,785,0.07718571719307725,0.07776395711600205,0.06395920120227497,0.3194581365637406,0.28488100590718946
A4,A,htg785_fixed,cp10k,smooth,785,0.08107660866819508,0.07291204649034534,0.042113087730670885,0.31802711078133195,0.27985625654006635
A5,A,htg785_fixed,cp10k,smooth,785,0.06695117791104416,0.06398285781813916,0.06323559198981246,0.2890799876263234,0.24974066219784938
A6,A,htg785_fixed,cp10k,smooth,785,0.11455726127854013,0.10444836501100482,0.18204281530158295,0.3558042199694503,0.31385789570744316
A1,A,htg785_fixed,scprep,raw,785,0.018179857943048616,0.02467824202073721,0.07925882565992941,0.21109465159908658,0.16809239844915375
A2,A,htg785_fixed,scprep,raw,785,0.029539203761740396,0.034577282766346557,0.053125469367228784,0.2276090348480263,0.1820043743123042
A3,A,htg785_fixed,scprep,raw,785,0.03424289492548045,0.039866726577668654,0.05426090571640798,0.2174519798306708,0.1772248516162203
A4,A,htg785_fixed,scprep,raw,785,0.028212471833781567,0.03152466204424304,0.04729414799992405,0.21311379516275422,0.17172021873485843
A5,A,htg785_fixed,scprep,raw,785,0.03302664646276597,0.03388156520940522,0.04849610871252077,0.20238770447492166,0.1651883069409778
A6,A,htg785_fixed,scprep,raw,785,0.02626583913142412,0.02800239776024424,0.057140502699633756,0.17555953464127214,0.14707683260284596
A1,A,htg785_fixed,scprep,smooth,785,0.030360821506328125,0.030048807726950462,0.08825421516973675,0.2895668188757164,0.24169436486513063
A2,A,htg785_fixed,scprep,smooth,785,0.053142367766822116,0.04866868244365521,0.053289047377239857,0.3126233602508547,0.26797769071526245
A3,A,htg785_fixed,scprep,smooth,785,0.050500540493810774,0.05277643183311547,0.04426532437504927,0.2940106416096593,0.2609675497099101
A4,A,htg785_fixed,scprep,smooth,785,0.05097061753967387,0.04906033268223929,0.03348379975073597,0.3105579667252007,0.26808811580972336
A5,A,htg785_fixed,scprep,smooth,785,0.05553573618010698,0.04853309831325386,0.04588610338059647,0.2878640561685986,0.243276582011456
A6,A,htg785_fixed,scprep,smooth,785,0.06778380437310258,0.06507141946743523,0.12349330588520711,0.332628900593155,0.28531227212545834
B1,B,hvg737_train,cp10k,raw,737,0.19608909724463155,0.19444306634732464,0.10676299375903733,0.44803704840688063,0.40732110006143946
B2,B,hvg737_train,cp10k,raw,737,0.24552034937608155,0.23689865262575985,0.13985086141896808,0.4571860797930059,0.4275042472953155
B3,B,hvg737_train,cp10k,raw,737,0.21426197236643943,0.21349500775382174,0.10566143465589008,0.46836202471613914,0.4283138908114426
B4,B,hvg737_train,cp10k,raw,737,0.2716465198684175,0.25551560930890793,0.17546898198414598,0.49379406364160167,0.46383773601404704
B5,B,hvg737_train,cp10k,raw,737,0.20371403205855165,0.20307273601447143,0.10112201002012021,0.4662135357436752,0.4244794619944472
B6,B,hvg737_train,cp10k,raw,737,0.24512772576061065,0.2408198987016301,0.17707588279518077,0.4969519425053059,0.4579676911388065
B1,B,hvg737_train,cp10k,smooth,737,0.32399309405121457,0.29552017753219356,0.1250534085636383,0.5990684786756391,0.5625178371494897
B2,B,hvg737_train,cp10k,smooth,737,0.4249055959991792,0.36784793667139015,0.20129265946933234,0.6216852526837716,0.5963441479134424
B3,B,hvg737_train,cp10k,smooth,737,0.39223057431231867,0.35817884471434913,0.164550783711901,0.6502636412086457,0.6202775745066302
B4,B,hvg737_train,cp10k,smooth,737,0.47197024157250866,0.4067512187897966,0.27505030931935576,0.683078240556121,0.659402750207536
B5,B,hvg737_train,cp10k,smooth,737,0.40356022902661876,0.36052233880012846,0.1636557005133245,0.6711365119350705,0.6364963316999228
B6,B,hvg737_train,cp10k,smooth,737,0.42888693107033105,0.38768441796308256,0.2841984133719033,0.6810879931188574,0.6509901613505715
B1,B,hvg737_train,scprep,raw,737,0.09307076579054882,0.10902955732835852,0.0969281399311305,0.38851774036441733,0.3355747712827348
B2,B,hvg737_train,scprep,raw,737,0.12321645054809836,0.13074404376591914,0.08804559510370132,0.38262894527502034,0.34156784284486347
B3,B,hvg737_train,scprep,raw,737,0.11061368986811339,0.12143379059282113,0.09740642604224874,0.4032155158342025,0.3533120668904285
B4,B,hvg737_train,scprep,raw,737,0.13849805352641248,0.14114670317648684,0.11354598295030359,0.41800691339246965,0.3722302465180347
B5,B,hvg737_train,scprep,raw,737,0.09758723974296622,0.11912425559564511,0.08553456120331847,0.4141109954434231,0.3573781749667056
B6,B,hvg737_train,scprep,raw,737,0.1344265012934764,0.13683099597353346,0.12972172826336695,0.43390276584800114,0.3783146939486594
B1,B,hvg737_train,scprep,smooth,737,0.16726169018468964,0.17115363745910894,0.10559630171579938,0.5423449099994572,0.4911123003285753
B2,B,hvg737_train,scprep,smooth,737,0.23528833461918586,0.2160583621413392,0.11726677307958162,0.5399318967079649,0.5060539271460889
B3,B,hvg737_train,scprep,smooth,737,0.20617063355859155,0.21352077115464477,0.12658122388007773,0.5838160860376251,0.5374504600304933
B4,B,hvg737_train,scprep,smooth,737,0.27540943715911936,0.23804014612007826,0.16008344922199327,0.6032953754237704,0.567350718845088
B5,B,hvg737_train,scprep,smooth,737,0.20622087247624377,0.2167401356553723,0.11278371710438258,0.6125715514424922,0.5600913415293924
B6,B,hvg737_train,scprep,smooth,737,0.2359619182896174,0.231935296332835,0.19914381325070646,0.6176248415618533,0.5691948988486811
B1,B,htg785_fixed,cp10k,raw,785,0.1970271011094534,0.1993203764477254,0.1528371680955103,0.41537246252947824,0.38408092127910703
B2,B,htg785_fixed,cp10k,raw,785,0.2204027590912943,0.2175939507794887,0.16773855346107555,0.4350052033779942,0.40337626245711106
B3,B,htg785_fixed,cp10k,raw,785,0.19644906574687362,0.19985928664083422,0.1707445997726207,0.4242205911480122,0.3861645785591014
B4,B,htg785_fixed,cp10k,raw,785,0.2137240668365933,0.21454247888201797,0.21351426426774714,0.4485001622843546,0.4118106959753785
B5,B,htg785_fixed,cp10k,raw,785,0.19525161048415207,0.19492883537231265,0.1555392229123076,0.422580270739385,0.38756280421920364
B6,B,htg785_fixed,cp10k,raw,785,0.2140518867039876,0.21539677172732125,0.21021833822888727,0.4565660408385075,0.41234476432024975
B1,B,htg785_fixed,cp10k,smooth,785,0.36607919096282937,0.34125565076965286,0.20001646516553032,0.5983521484617724,0.5742326713438138
B2,B,htg785_fixed,cp10k,smooth,785,0.3894368614700471,0.35546209603687656,0.24313610838979752,0.5970540112423793,0.5693203982523396
B3,B,htg785_fixed,cp10k,smooth,785,0.37831498852324075,0.3564634600538727,0.2707548510616225,0.6177164918028033,0.5849490472604382
B4,B,htg785_fixed,cp10k,smooth,785,0.40328618257147825,0.3748502157820391,0.3157328538146882,0.6534131223243298,0.6161441778807376
B5,B,htg785_fixed,cp10k,smooth,785,0.38200220598444784,0.3555561925048255,0.27154229325838414,0.6309338252167003,0.5971081422782578
B6,B,htg785_fixed,cp10k,smooth,785,0.38147178028543377,0.3597963217325895,0.32696163748127866,0.6518261994584829,0.6134153530033346
B1,B,htg785_fixed,scprep,raw,785,0.08106898796390072,0.08747462228433102,0.10670784594538282,0.3024951970381167,0.26435874527897574
B2,B,htg785_fixed,scprep,raw,785,0.08265989511904055,0.0914596085198579,0.09113923707074557,0.3161957544452608,0.26855404229240293
B3,B,htg785_fixed,scprep,raw,785,0.08097952912724103,0.0915001216706828,0.11144378491399745,0.3195530933818654,0.2704053642902482
B4,B,htg785_fixed,scprep,raw,785,0.08107101116407231,0.08822448106983995,0.12118306610332015,0.3223920746290727,0.2766441962415017
B5,B,htg785_fixed,scprep,raw,785,0.08369605318688043,0.09203872516084459,0.10188109632149273,0.31818914679951676,0.2759249243485368
B6,B,htg785_fixed,scprep,raw,785,0.09940884304992366,0.1058932260538942,0.13631940533810138,0.3542073540362198,0.2975281072377054
B1,B,htg785_fixed,scprep,smooth,785,0.153845886399549,0.16055095985920184,0.1301545702827612,0.4838000270767529,0.4452086880569869
B2,B,htg785_fixed,scprep,smooth,785,0.16440149482016106,0.1712471932232068,0.12890002506954626,0.4778161222143878,0.43937654421568156
B3,B,htg785_fixed,scprep,smooth,785,0.16817343353433964,0.1778363820336877,0.16995854705282118,0.5020049654467367,0.4534045719036445
B4,B,htg785_fixed,scprep,smooth,785,0.18729902508584131,0.17953477250396452,0.17159879127158034,0.5184859972219613,0.4687893138613658
B5,B,htg785_fixed,scprep,smooth,785,0.16533375045650503,0.1766344201766343,0.16130356336993187,0.5103177333308173,0.46468876630883116
B6,B,htg785_fixed,scprep,smooth,785,0.19461904678404945,0.19399068112780846,0.2166271504268899,0.5502651169328681,0.48812781859472165
C1,C,hvg737_train,cp10k,raw,737,0.18002177586722057,0.18371066126811322,0.17031063241028987,0.41957368425883096,0.38538939730483873
C2,C,hvg737_train,cp10k,raw,737,0.17508128055816463,0.1823023710208574,0.1873907077625241,0.44141223132908464,0.39644920835722686
C3,C,hvg737_train,cp10k,raw,737,0.18309606319040714,0.18310292548468607,0.20414731837321237,0.44385300822445184,0.39873110180852445
C4,C,hvg737_train,cp10k,raw,737,0.1860354170649388,0.1921952351933646,0.2129842669550801,0.4663676560494212,0.42858198600885106
C5,C,hvg737_train,cp10k,raw,737,0.21122504302075723,0.2152158286286697,0.26456635226828534,0.4768877845986152,0.43777617260501145
C6,C,hvg737_train,cp10k,raw,737,0.17231189475236053,0.17395289790850926,0.16719628668381376,0.4539238546172595,0.4096244929997455
C1,C,hvg737_train,cp10k,smooth,737,0.2607407910900845,0.24081848249907672,0.15563440108254073,0.5236369790856344,0.48866205054984024
C2,C,hvg737_train,cp10k,smooth,737,0.24521465362893446,0.23235181580487219,0.2049744692922711,0.5123688257773518,0.4771024138428167
C3,C,hvg737_train,cp10k,smooth,737,0.2640534300714267,0.2492406825140371,0.1972711293262999,0.5145378380677886,0.48213220821261615
C4,C,hvg737_train,cp10k,smooth,737,0.2676264297389227,0.2510063728562867,0.1986704086955291,0.5473871402621899,0.5120380176125416
C5,C,hvg737_train,cp10k,smooth,737,0.31133061479709456,0.2956552390820032,0.2487663242064716,0.6026673287356409,0.5643133911889784
C6,C,hvg737_train,cp10k,smooth,737,0.21283084344256412,0.2114716627599552,0.15039111260283414,0.5282962779843118,0.48934597265746627
C1,C,hvg737_train,scprep,raw,737,0.10615427414129655,0.1149936783986313,0.16397337853218827,0.37859817242297567,0.3360260398661273
C2,C,hvg737_train,scprep,raw,737,0.11063488167626866,0.12169811484491257,0.17959352382985774,0.40092060684503855,0.3534334431830827
C3,C,hvg737_train,scprep,raw,737,0.10565827271981158,0.12336668269987222,0.2045160170964316,0.4163241615156121,0.3696644490653698
C4,C,hvg737_train,scprep,raw,737,0.11843886711764,0.13946336041800822,0.22338000874690697,0.4374653498515088,0.3946718587550575
C5,C,hvg737_train,scprep,raw,737,0.14128724485843974,0.1453432508819086,0.24203710108355916,0.4360837711126807,0.38790493819163685
C6,C,hvg737_train,scprep,raw,737,0.09823049965369984,0.10580218538643664,0.14591641938320582,0.3905083065456808,0.34353836666523974
C1,C,hvg737_train,scprep,smooth,737,0.13626567481945048,0.13389730436935365,0.12367747627755545,0.4383345008888066,0.39305829995270924
C2,C,hvg737_train,scprep,smooth,737,0.13225052680538946,0.13828063034545976,0.17190484042695484,0.440285015923223,0.40287112690588
C3,C,hvg737_train,scprep,smooth,737,0.1633969291292609,0.15154375531695832,0.18931386894671415,0.45118507614145303,0.41019627437281736
C4,C,hvg737_train,scprep,smooth,737,0.1715379124651714,0.16225613640241168,0.20404267295084874,0.476621456358141,0.43464986686797347
C5,C,hvg737_train,scprep,smooth,737,0.19280715805552426,0.17755365448254648,0.2041166799296044,0.5173953109185091,0.47030172826881483
C6,C,hvg737_train,scprep,smooth,737,0.0903793308357498,0.0975613695902576,0.10901044677302334,0.43518585287433786,0.3834469599653193
C1,C,htg785_fixed,cp10k,raw,785,0.13471523772874042,0.13819093335234858,0.189683377561925,0.3483752777450607,0.30768165729410685
C2,C,htg785_fixed,cp10k,raw,785,0.13962798722757816,0.14364150822781824,0.1721457123543413,0.35637957382293023,0.3216987001882159
C3,C,htg785_fixed,cp10k,raw,785,0.1476005547372412,0.1474882686164339,0.1967461147401769,0.3618155096667192,0.32357537040805895
C4,C,htg785_fixed,cp10k,raw,785,0.15779324798346517,0.1579349829511134,0.20216067747632166,0.38315138443150987,0.34826863590531887
C5,C,htg785_fixed,cp10k,raw,785,0.15892843499519352,0.16181520951907893,0.24149569268773213,0.3984165608379773,0.35264846039063696
C6,C,htg785_fixed,cp10k,raw,785,0.1326401677899893,0.1353425774950097,0.18459934072882764,0.3602242558526612,0.31582716848153897
C1,C,htg785_fixed,cp10k,smooth,785,0.18749606378600597,0.17973764812209075,0.18444613594206627,0.44460104771872244,0.4064160061179159
C2,C,htg785_fixed,cp10k,smooth,785,0.20671802100331146,0.19855716343107305,0.19978025802304702,0.44717411914550204,0.4121557319102658
C3,C,htg785_fixed,cp10k,smooth,785,0.22626382255319608,0.21822700603575212,0.2011115125991919,0.46611845886723324,0.43179859762249817
C4,C,htg785_fixed,cp10k,smooth,785,0.2420651811472663,0.22853318614329482,0.20735526993682915,0.5079749561310951,0.46964181217382717
C5,C,htg785_fixed,cp10k,smooth,785,0.26601359696012344,0.25165771645660767,0.23289411940366386,0.531605557357392,0.49444229683250507
C6,C,htg785_fixed,cp10k,smooth,785,0.1972192498923653,0.19152246890046448,0.17090009960027935,0.4652317827786344,0.4280181776323067
C1,C,htg785_fixed,scprep,raw,785,0.07366732506369471,0.07712521211857225,0.15985490184829296,0.3016885980047893,0.2557320618434357
C2,C,htg785_fixed,scprep,raw,785,0.076075760128464,0.08067206324902924,0.14646702632433584,0.30591556629753763,0.2664150184237406
C3,C,htg785_fixed,scprep,raw,785,0.07977127000806868,0.08419079739479916,0.17660290059795258,0.32385604168946647,0.279039281285409
C4,C,htg785_fixed,scprep,raw,785,0.09175712516439179,0.09785376019850399,0.20296938208050783,0.348400323054329,0.3022460088954766
C5,C,htg785_fixed,scprep,raw,785,0.09711134741666021,0.09755927307486376,0.2127232283465564,0.3414282851889648,0.291678479914751
C6,C,htg785_fixed,scprep,raw,785,0.061056860818745444,0.06463095202514546,0.14461330980183698,0.28887269422594025,0.2466688750070582
C1,C,htg785_fixed,scprep,smooth,785,0.0823265693007595,0.08008478352443114,0.12244251351321468,0.36147066372872916,0.32113411379427026
C2,C,htg785_fixed,scprep,smooth,785,0.10511179014716945,0.10661825048871869,0.14222429792967456,0.36848328691121224,0.33683621979132483
C3,C,htg785_fixed,scprep,smooth,785,0.11449444598978892,0.109764004153527,0.15283191256783576,0.3852403256084508,0.34702585399435776
C4,C,htg785_fixed,scprep,smooth,785,0.13027060847908162,0.12935265615650415,0.20034617045798028,0.43691310834399955,0.3889908695270743
C5,C,htg785_fixed,scprep,smooth,785,0.13958534471868572,0.12996228333268733,0.169063835972221,0.42597182785976956,0.3861920297640584
C6,C,htg785_fixed,scprep,smooth,785,0.06428707059606412,0.06272780625721551,0.0933863712506574,0.3382114882603432,0.29309369684924036
D1,D,hvg737_train,cp10k,raw,737,0.10870727331575435,0.11336274163355667,0.1548702871055972,0.32900116705483223,0.2849998226697189
D2,D,hvg737_train,cp10k,raw,737,0.11175083223341159,0.11625283953308402,0.13562929987165862,0.31104124546434725,0.27786555314353867
D3,D,hvg737_train,cp10k,raw,737,0.08124149088579086,0.08725500037007387,0.0956374005262761,0.2772239896630078,0.23963444563853042
D4,D,hvg737_train,cp10k,raw,737,0.07564234589614266,0.08014086720457743,0.08279924798197211,0.2667824992277006,0.2359174924852489
D5,D,hvg737_train,cp10k,raw,737,0.05274377660179174,0.050313730778968474,0.05553066244483586,0.23060655201713828,0.20198704113547505
D6,D,hvg737_train,cp10k,raw,737,0.09680524464164252,0.09222922728023973,0.08977520386568964,0.2711316367946275,0.24650831370608625
D1,D,hvg737_train,cp10k,smooth,737,0.14944378487655263,0.14638584223955503,0.1440979201873389,0.3991549314391479,0.35579016762071397
D2,D,hvg737_train,cp10k,smooth,737,0.14012956695612278,0.13993568578225365,0.10602829185696346,0.42460515102843444,0.37897453985154267
D3,D,hvg737_train,cp10k,smooth,737,0.09550938893721621,0.0934942970060983,0.0853596675765064,0.3565360588981853,0.30910427128053036
D4,D,hvg737_train,cp10k,smooth,737,0.07539469889991736,0.07172081189048907,0.029915004686998026,0.3772839238164781,0.3313032226886938
D5,D,hvg737_train,cp10k,smooth,737,0.020887798787735133,0.018969839624496637,0.017956251901823615,0.33669668673825515,0.28849981930091806
D6,D,hvg737_train,cp10k,smooth,737,0.11078273441544646,0.10793555618414298,0.09838096837652129,0.4173160968233304,0.37130472209339643
D1,D,hvg737_train,scprep,raw,737,0.07675054614357373,0.08790951507484174,0.154307817151018,0.3437869489849328,0.28703128810413475
D2,D,hvg737_train,scprep,raw,737,0.06418987393563651,0.0721443032899826,0.11619438661785642,0.2989051199147724,0.24963026190274437
D3,D,hvg737_train,scprep,raw,737,0.052286227790253235,0.06241677744920445,0.09241690158466678,0.26938390118485755,0.2273416116946551
D4,D,hvg737_train,scprep,raw,737,0.04219922221337598,0.04800952354313225,0.07792130730925866,0.24674196118124456,0.20711691966034426
D5,D,hvg737_train,scprep,raw,737,0.02480832956398741,0.02885321431420293,0.05431569360091389,0.20720522364805086,0.17621953686671926
D6,D,hvg737_train,scprep,raw,737,0.05239463505242277,0.056731678078901136,0.0827346214887438,0.2420661163986499,0.20805182405272732
D1,D,hvg737_train,scprep,smooth,737,0.10101422468817771,0.10093161855381272,0.13325452959036657,0.38013448302444597,0.32811114417753984
D2,D,hvg737_train,scprep,smooth,737,0.07359151424472328,0.07018612616303012,0.06774164634814148,0.36528598602821044,0.3165005598778803
D3,D,hvg737_train,scprep,smooth,737,0.05447917488643558,0.05762098909635586,0.07979911759567775,0.31745945826012706,0.27306599960425215
D4,D,hvg737_train,scprep,smooth,737,0.01855123936750298,0.029085845059748927,0.02016008802029637,0.32293895490968944,0.27264541622008465
D5,D,hvg737_train,scprep,smooth,737,-0.008479262517479253,-0.0071731741996532835,0.018947285180853583,0.29566505785469166,0.24815808436679007
D6,D,hvg737_train,scprep,smooth,737,0.05537726103854426,0.059145999652863705,0.08451601769701267,0.35082473816984383,0.3045135283431579
D1,D,htg785_fixed,cp10k,raw,785,0.08455436828505183,0.09261562675629299,0.14348361664413167,0.2806296283846563,0.24110885172341937
D2,D,htg785_fixed,cp10k,raw,785,0.07657219234655248,0.08042980380432027,0.14076324488348052,0.2506357880287282,0.22037638990279362
D3,D,htg785_fixed,cp10k,raw,785,0.07319708203200419,0.07223092104978142,0.1088992823597505,0.23739057906194563,0.21105818898615514
D4,D,htg785_fixed,cp10k,raw,785,0.058905669081383526,0.057929018013032685,0.08385429080650762,0.22399904492392506,0.19327782427061646
D5,D,htg785_fixed,cp10k,raw,785,0.024698258005565504,0.02761009346795882,0.03510077038281942,0.19466783258816833,0.16639136021887085
D6,D,htg785_fixed,cp10k,raw,785,0.04633864477022783,0.05021289598273283,0.10234187665381522,0.23721845620987977,0.20569383472173997
D1,D,htg785_fixed,cp10k,smooth,785,0.11604382378588654,0.11736038135915955,0.14551135433870843,0.3489011932820544,0.30562602683046775
D2,D,htg785_fixed,cp10k,smooth,785,0.0860511246737841,0.08611948459983956,0.1510119716357312,0.3484884636425642,0.30430642383775663
D3,D,htg785_fixed,cp10k,smooth,785,0.06978730089026415,0.07239690042011725,0.10381379506468937,0.30150956716397376,0.26213902152458507
D4,D,htg785_fixed,cp10k,smooth,785,0.027924663189042735,0.02980936695362521,0.0480478964273866,0.3171928835522496,0.26593054828847773
D5,D,htg785_fixed,cp10k,smooth,785,-0.04549969047376378,-0.025090765913704304,0.0055984182643878475,0.2963226440784836,0.2516923813507793
D6,D,htg785_fixed,cp10k,smooth,785,0.02132984761402356,0.03639646857501732,0.10393114366196214,0.3599563601815757,0.31007661293628325
D1,D,htg785_fixed,scprep,raw,785,0.05198744081797361,0.06227588278519219,0.1426854908678002,0.28095443360732175,0.22684264284813452
D2,D,htg785_fixed,scprep,raw,785,0.04182665156997294,0.047713876945966835,0.1291329428534021,0.23552132720978539,0.19925187782701792
D3,D,htg785_fixed,scprep,raw,785,0.041697817517291264,0.04572608783508824,0.10924609642303233,0.21916720151563532,0.18512624929323213
D4,D,htg785_fixed,scprep,raw,785,0.032698869905592974,0.03484289915580056,0.07234786537067812,0.20244163167268275,0.1678993008517875
D5,D,htg785_fixed,scprep,raw,785,0.010123235183367659,0.016095230899338127,0.024085138351036147,0.1719507350566398,0.1440144209304979
D6,D,htg785_fixed,scprep,raw,785,0.023603059663356792,0.02748912915458984,0.07942881667496594,0.20313601809295245,0.16747479777356733
D1,D,htg785_fixed,scprep,smooth,785,0.06856249036974191,0.07818283748781339,0.13187791594635057,0.3325253237003533,0.28540655790334163
D2,D,htg785_fixed,scprep,smooth,785,0.041914250041703134,0.04568425432568761,0.10419222065955516,0.3170134377418167,0.26942056566455486
D3,D,htg785_fixed,scprep,smooth,785,0.04598606988736518,0.04801151712822434,0.09515253530652622,0.26017563618534023,0.2287790965789936
D4,D,htg785_fixed,scprep,smooth,785,0.01522291294440542,0.01927934600123782,0.01983135930192204,0.27124228951771534,0.22683482157356558
D5,D,htg785_fixed,scprep,smooth,785,-0.021468267270545,-0.018432828826879813,-0.014058085015420583,0.24166740688717434,0.2042473777040883
D6,D,htg785_fixed,scprep,smooth,785,0.007730205187241376,0.018941077960362648,0.07234700497951618,0.28234177748285527,0.2343873263575641
E1,E,hvg737_train,cp10k,raw,737,0.023462587089026814,0.03307332854774066,0.13124623420814344,0.24192253841491249,0.1868809492945822
E2,E,hvg737_train,cp10k,raw,737,0.03245351698354559,0.04442922507953715,0.13280889097503323,0.27487260972155975,0.2144060216817964
E3,E,hvg737_train,cp10k,raw,737,0.02966851289992481,0.04418926791528144,0.12024665055656504,0.28520868720707887,0.22225347631432613
E1,E,hvg737_train,cp10k,smooth,737,0.039101281121916964,0.04707482874950177,0.17501503588078296,0.35411491864575134,0.29409969278216386
E2,E,hvg737_train,cp10k,smooth,737,0.04319949086903799,0.05661624480327011,0.16325914299966895,0.34857255381148144,0.2962320518628244
E3,E,hvg737_train,cp10k,smooth,737,0.04150505734586738,0.05627679788639332,0.12977397341636182,0.37855990957465724,0.3129043180852697
E1,E,hvg737_train,scprep,raw,737,0.029306643967824012,0.0406117064905909,0.1387824787218957,0.26584754188669923,0.20611358253991216
E2,E,hvg737_train,scprep,raw,737,0.042452031519583905,0.05539436263950878,0.1455583971891796,0.30161026599911067,0.23682437087923167
E3,E,hvg737_train,scprep,raw,737,0.03961385238511123,0.053933310314135834,0.130859986078066,0.3129125270623981,0.24292117583249356
E1,E,hvg737_train,scprep,smooth,737,0.05392390440705173,0.05904142392361359,0.182144442181338,0.37810772811118876,0.3181809196605926
E2,E,hvg737_train,scprep,smooth,737,0.06380841542472449,0.07516063719084348,0.17439765964241094,0.377052190379234,0.3233485618460583
E3,E,hvg737_train,scprep,smooth,737,0.06482118211108708,0.07384587587965177,0.13247765174941453,0.3909190455847412,0.3278444400545068
E1,E,htg785_fixed,cp10k,raw,785,0.015421229242818975,0.01741104619083577,0.062226900490385345,0.1529298663322739,0.12157483334973308
E2,E,htg785_fixed,cp10k,raw,785,0.016431119598488093,0.020770095733094313,0.06548933106487982,0.16961735939238973,0.13200955708064477
E3,E,htg785_fixed,cp10k,raw,785,0.021394764655265568,0.026431280275941653,0.06945219574719672,0.1903523113972723,0.1494187913343759
E1,E,htg785_fixed,cp10k,smooth,785,0.02314582660532,0.025670870364710947,0.079617057614643,0.24801042420117037,0.2082510400788825
E2,E,htg785_fixed,cp10k,smooth,785,0.021163002067097387,0.025253589054940764,0.07939280492926754,0.2541139804544324,0.20736274328363172
E3,E,htg785_fixed,cp10k,smooth,785,0.026876791893482768,0.03477750167076598,0.08852021987199121,0.2833857215702589,0.22698484713186176
E1,E,htg785_fixed,scprep,raw,785,0.026875955547284596,0.02636918403755091,0.058074763676666245,0.17087732191286586,0.13489520669959282
E2,E,htg785_fixed,scprep,raw,785,0.02640937978856417,0.030863253911080968,0.07686424820795866,0.19181095702874898,0.15212508114323048
E3,E,htg785_fixed,scprep,raw,785,0.03143214323340102,0.03682124016675649,0.08150808736986269,0.2063303043949326,0.1619996370710923
E1,E,htg785_fixed,scprep,smooth,785,0.0435406420420592,0.04342378000331239,0.07365655245447104,0.2767660043942456,0.23349623864940408
E2,E,htg785_fixed,scprep,smooth,785,0.04654769281132398,0.04821287520249593,0.09189692592516657,0.2826287941435339,0.2375572042863939
E3,E,htg785_fixed,scprep,smooth,785,0.05263725414334146,0.05467674973998699,0.09511164372777538,0.2881217870615034,0.2400160208942455
F1,F,hvg737_train,cp10k,raw,737,0.023233398403027867,0.02674302679413992,0.06548594358545837,0.16196446117453026,0.13110549664064583
F2,F,hvg737_train,cp10k,raw,737,0.018686818174520066,0.024891904645004233,0.07666593631996507,0.1741099665774823,0.13877190132418563
F3,F,hvg737_train,cp10k,raw,737,0.0052095005201574585,0.011523425653566196,0.0500066808694603,0.15189644215553993,0.1166257158974784
F1,F,hvg737_train,cp10k,smooth,737,0.04326735772848646,0.04019732364862755,0.06984767432344326,0.22525556260841031,0.19121717904638277
F2,F,hvg737_train,cp10k,smooth,737,0.017361700591081636,0.017224737824969964,0.05964627744433661,0.2007257982297793,0.16569344117252438
F3,F,hvg737_train,cp10k,smooth,737,-0.00022291728615100867,0.0032591967582382537,0.04402833371366894,0.1901315107409972,0.15818553451206344
F1,F,hvg737_train,scprep,raw,737,0.01836184642522028,0.02470122458973653,0.06976210392369996,0.1700279636887334,0.1334238776067005
F2,F,hvg737_train,scprep,raw,737,0.012535297051143509,0.019822293999391363,0.07513549100826472,0.17579716803000023,0.1379122261279631
F3,F,hvg737_train,scprep,raw,737,0.008569002387184882,0.013421765215962493,0.047396401320703205,0.15457351962384588,0.11889510134697931
F1,F,hvg737_train,scprep,smooth,737,0.03168307284481967,0.03054242443360772,0.07001322964934144,0.22694558406845336,0.18960402830939624
F2,F,hvg737_train,scprep,smooth,737,0.011160931581517406,0.009802348396507208,0.04905781108166263,0.20711959763615403,0.16812117543441385
F3,F,hvg737_train,scprep,smooth,737,0.0055902760187044945,0.005982788259578884,0.03849527431016847,0.20247451138330042,0.1676480908607654
F1,F,htg785_fixed,cp10k,raw,785,0.009901159035458695,0.01513161358186366,0.037790323786237104,0.1306172898577032,0.1068824178185585
F2,F,htg785_fixed,cp10k,raw,785,0.013680152804585033,0.01714156231508183,0.04597256950413481,0.13942474134284943,0.11327721621901501
F3,F,htg785_fixed,cp10k,raw,785,0.0018544780779691267,0.006213584580849093,0.016684915431640853,0.12691492538740026,0.09854554087187817
F1,F,htg785_fixed,cp10k,smooth,785,0.02157790000177277,0.023124483775919635,0.04011449948864699,0.20827263954477135,0.178149243392886
F2,F,htg785_fixed,cp10k,smooth,785,0.012358739889196392,0.013216040982587536,0.0417312003437238,0.19080619115005948,0.15998765823651712
F3,F,htg785_fixed,cp10k,smooth,785,0.00449035932028107,0.0032751210719350185,-0.003658598274263959,0.1855253957463543,0.15458057805698128
F1,F,htg785_fixed,scprep,raw,785,0.01060064748820041,0.01402183886018337,0.043846908859702376,0.12887313316661828,0.1038203659736578
F2,F,htg785_fixed,scprep,raw,785,0.009123437578889657,0.013327877927822786,0.04947943263203983,0.13263985372619833,0.10600802502544418
F3,F,htg785_fixed,scprep,raw,785,0.0049995586217932856,0.007878799644567818,0.021254607171634396,0.1205555056968283,0.09481829573540701
F1,F,htg785_fixed,scprep,smooth,785,0.014233288533605526,0.014592485965985507,0.035472002365408685,0.20477622622032166,0.17257245232826965
F2,F,htg785_fixed,scprep,smooth,785,0.008612313956502813,0.007974124137668901,0.03661398560204688,0.18859871321194951,0.15725045152996925
F3,F,htg785_fixed,scprep,smooth,785,0.00437742675448739,0.002430370893734587,-0.0025513575997980235,0.19289718667146008,0.1563584516439915
G1,G,hvg737_train,cp10k,raw,737,0.1341958895648261,0.13782894505877666,0.1624533020813476,0.33613969235914654,0.2988547786841665
G2,G,hvg737_train,cp10k,raw,737,0.14192182380311108,0.14891384731142665,0.17371702234381153,0.34810610191755176,0.31099506106684344
G3,G,hvg737_train,cp10k,raw,737,0.1606367903247883,0.16355171423623294,0.18839414873739377,0.34730779736272255,0.3184316136278976
G1,G,hvg737_train,cp10k,smooth,737,0.20665504361704737,0.20400639384785604,0.2033498843989897,0.45771852651125733,0.4226486536739054
G2,G,hvg737_train,cp10k,smooth,737,0.23288361627749313,0.23020139285001892,0.2296704443884158,0.4837524940312051,0.45245278344621126
G3,G,hvg737_train,cp10k,smooth,737,0.24575086671801347,0.247824731214345,0.24973913044074642,0.4815876583886212,0.45231146033113956
G1,G,hvg737_train,scprep,raw,737,0.08857454112710425,0.0951152079952189,0.169522163644657,0.30933967479506647,0.26644896245223515
G2,G,hvg737_train,scprep,raw,737,0.0952272414134485,0.10385598149796808,0.17483739584216657,0.3241394199348079,0.27983533196046106
G3,G,hvg737_train,scprep,raw,737,0.10144444488845189,0.10916516014627708,0.18072738242346773,0.3110475047596091,0.27670178073175067
G1,G,hvg737_train,scprep,smooth,737,0.1336349563059115,0.13512469309521308,0.19483404230978302,0.4133377001620903,0.36873706744840073
G2,G,hvg737_train,scprep,smooth,737,0.14517880619244936,0.1568394448746108,0.2104802986697302,0.4437030225047357,0.4004473012352825
G3,G,hvg737_train,scprep,smooth,737,0.1630132601593748,0.16430489554679337,0.21744029239896656,0.4289028324513589,0.39023499803791417
G1,G,htg785_fixed,cp10k,raw,785,0.08608604681674645,0.09497539703470433,0.1686349436494668,0.2865424713414052,0.24458612731098386
G2,G,htg785_fixed,cp10k,raw,785,0.09212830048690994,0.09951549649708649,0.17490216542964288,0.29296502662070356,0.24648817932945621
G3,G,htg785_fixed,cp10k,raw,785,0.10306184742168922,0.10784440795098295,0.17987499288774367,0.2970644787927428,0.2525696318552862
G1,G,htg785_fixed,cp10k,smooth,785,0.1430125836960672,0.14775142138975772,0.2197424097038453,0.4055163251456534,0.35906620072270484
G2,G,htg785_fixed,cp10k,smooth,785,0.15910972759207273,0.1633421665599469,0.24152823357129116,0.43574619536608056,0.38402855665687957
G3,G,htg785_fixed,cp10k,smooth,785,0.1636310547214173,0.17049385107356482,0.24970461435213914,0.43393225816958897,0.38637836507688617
G1,G,htg785_fixed,scprep,raw,785,0.05551061480625897,0.06354774299524796,0.14700641937312808,0.25653519651917145,0.2116117466816653
G2,G,htg785_fixed,scprep,raw,785,0.05729400852633837,0.06692190347918443,0.16634092175505927,0.2698989556186309,0.21598204982465763
G3,G,htg785_fixed,scprep,raw,785,0.06533336875789537,0.06822216510901684,0.14450603448417942,0.2538149108724216,0.20636704619911786
G1,G,htg785_fixed,scprep,smooth,785,0.08531068578514099,0.09792299778881164,0.1761368029515387,0.35203351925048365,0.3046865342074387
G2,G,htg785_fixed,scprep,smooth,785,0.09764845560062431,0.10837668755452981,0.20693188249467634,0.39122650168855644,0.3288224591349106
G3,G,htg785_fixed,scprep,smooth,785,0.10427199344256334,0.11206798922955413,0.18497881497095958,0.3684937724399665,0.31765295513987996
H1,H,hvg737_train,cp10k,raw,737,0.13175373922710687,0.13111482988990067,0.06918209151927035,0.3250985027073082,0.2888462537111313
H2,H,hvg737_train,cp10k,raw,737,0.1374648424884116,0.14213436625607664,0.08655154396570207,0.3509735865741483,0.3110930541478359
H3,H,hvg737_train,cp10k,raw,737,0.12168028041621236,0.12248099605228452,0.07771064676040605,0.3239479430456664,0.28211003042520033
H1,H,hvg737_train,cp10k,smooth,737,0.26541923342330076,0.24669808187488265,0.11658903947599746,0.5404066019631365,0.5035063979913081
H2,H,hvg737_train,cp10k,smooth,737,0.2753988550429085,0.25747505559887035,0.15432978395996774,0.544149744029965,0.5051480842198504
H3,H,hvg737_train,cp10k,smooth,737,0.23190242409698988,0.2241408456643331,0.1395516577028311,0.5121844928390646,0.4672625046720947
H1,H,hvg737_train,scprep,raw,737,0.08004215068423219,0.08458252609367221,0.0504475950340207,0.2908116022527018,0.25104157074982797
H2,H,hvg737_train,scprep,raw,737,0.07440612666160148,0.08594189454846474,0.06174043801270226,0.3106091462743788,0.26632803739280037
H3,H,hvg737_train,scprep,raw,737,0.07259959510169871,0.07934899765956457,0.056709070797540416,0.2915694013776854,0.24452943560608648
H1,H,hvg737_train,scprep,smooth,737,0.15998638219993325,0.1579663608752886,0.06562800395155759,0.48844653500632096,0.4406794238567046
H2,H,hvg737_train,scprep,smooth,737,0.15493477658834723,0.15443019545816492,0.09967286230980195,0.4879364230999759,0.4418715364646917
H3,H,hvg737_train,scprep,smooth,737,0.1419809248462486,0.144741234917739,0.08943146756421128,0.4649945414717528,0.4145910671777538
H1,H,htg785_fixed,cp10k,raw,785,0.08457711367808775,0.0909252967148921,0.0970010973345672,0.2527165223276414,0.22167237567318382
H2,H,htg785_fixed,cp10k,raw,785,0.10135750680245396,0.10536117332375637,0.10030714627964725,0.2823051715298289,0.2454487838952191
H3,H,htg785_fixed,cp10k,raw,785,0.08368609865421897,0.08877531316164022,0.08974913904114543,0.2552705851903184,0.2215805651445708
H1,H,htg785_fixed,cp10k,smooth,785,0.17731217963937795,0.17631575855854825,0.16772846054539417,0.4603740990144878,0.41526650911416985
H2,H,htg785_fixed,cp10k,smooth,785,0.1964830475700366,0.20325784507082315,0.16614466125767077,0.47870922723563775,0.43567204973879475
H3,H,htg785_fixed,cp10k,smooth,785,0.16878338956702943,0.16965955674827404,0.1616496223962583,0.4246131552732855,0.38441174922591154
H1,H,htg785_fixed,scprep,raw,785,0.04691351352683319,0.05102561765750764,0.046189752180293836,0.20896933283325775,0.17365249547793105
H2,H,htg785_fixed,scprep,raw,785,0.0475801347856304,0.053077339898604976,0.034122283237857064,0.23138998970390695,0.18983812755903173
H3,H,htg785_fixed,scprep,raw,785,0.04341260802093723,0.0492887815253867,0.046584476716399995,0.21096777027315322,0.17456462766881475
H1,H,htg785_fixed,scprep,smooth,785,0.09211243519574265,0.0968535599387415,0.0629656089491464,0.39551231506766293,0.3397934325785236
H2,H,htg785_fixed,scprep,smooth,785,0.09773906204019897,0.09945403271152677,0.04972609670934687,0.3966691544804626,0.3480762083769858
H3,H,htg785_fixed,scprep,smooth,785,0.09003263091907442,0.09396718071243754,0.07558761648044098,0.36262213870591914,0.31422121321165125
