sample,panel,spotset,caliber,n_spots,n_genes,med_r_trainfit,mean_r_trainfit,med_r_cv,mean_r_cv
NCBI681,hest_var50,all,log1p_raw,4992,50,0.26323035780869625,0.2681057839126985,0.26232018674933677,0.27102452430817536
NCBI681,hest_var50,all,cp10k_panel,4992,50,0.2532484494224311,0.25867874298958127,0.2508580903297819,0.26266955050620866
NCBI681,hest_var50,all,cp10k_full,4992,50,0.1503168342646753,0.1529028960899192,0.14838361037130632,0.15513341098377287
NCBI681,hest_var50,in_tissue,log1p_raw,4553,50,0.24396081668557945,0.25196733903557067,0.24164632594716778,0.24862497080055493
NCBI681,hest_var50,in_tissue,cp10k_panel,4553,50,0.21382891822430905,0.2155133910663243,0.2119981256730169,0.21789411945306383
NCBI681,hest_var50,in_tissue,cp10k_full,4553,50,0.09777118795285751,0.09184396182025241,0.10442829618078114,0.12456386562441024
NCBI681,trainHVG50,all,log1p_raw,4992,50,0.3003677732220783,0.3369493119174457,0.2977437286724346,0.338960250333056
NCBI681,trainHVG50,all,cp10k_panel,4992,50,0.2458298841684326,0.2823608761371116,0.24486999044369745,0.28792635161753816
NCBI681,trainHVG50,all,cp10k_full,4992,50,0.17363766782291828,0.20726445419447362,0.17630833060894396,0.2155812504186492
NCBI681,trainHVG50,in_tissue,log1p_raw,4553,50,0.27854016761509187,0.3329442781680057,0.278088791973703,0.33104678675203403
NCBI681,trainHVG50,in_tissue,cp10k_panel,4553,50,0.18625805156715514,0.21591997762513876,0.18627181379746016,0.23124902045195359
NCBI681,trainHVG50,in_tissue,cp10k_full,4553,50,0.13123280768088375,0.17672840034571627,0.13047042317991656,0.18925415827330383
NCBI681,trainHVG737,all,log1p_raw,4992,737,0.3274719315992979,0.3453580265439884,0.32663065082579607,0.34456194078920516
NCBI681,trainHVG737,all,cp10k_panel,4992,737,0.25267588484953235,0.26632806403583703,0.2512445668639955,0.2672761520304765
NCBI681,trainHVG737,all,cp10k_full,4992,737,0.1800719520007925,0.18690255958329247,0.18019995102867561,0.19478754873769605
NCBI681,trainHVG737,in_tissue,log1p_raw,4553,737,0.3168852563749573,0.32737216655810325,0.31639481822447985,0.3253393962632419
NCBI681,trainHVG737,in_tissue,cp10k_panel,4553,737,0.19065368332664953,0.1868732731028193,0.19166380412131856,0.21442312299254845
NCBI681,trainHVG737,in_tissue,cp10k_full,4553,737,0.12904406360313558,0.12156204917534381,0.14784038454899853,0.17461534782840896
NCBI682,hest_var50,all,log1p_raw,4988,50,0.3782830449860991,0.3838368032470178,0.3776020267588863,0.3938544822261585
NCBI682,hest_var50,all,cp10k_panel,4988,50,0.35603986767823226,0.37292208820262085,0.3553723146328585,0.3821336217004037
NCBI682,hest_var50,all,cp10k_full,4988,50,0.26004475738472677,0.26816061676056274,0.25899144165696203,0.27389618590123327
NCBI682,hest_var50,in_tissue,log1p_raw,4859,50,0.37862571600574757,0.3750150506041634,0.37745707389840655,0.3847569459334676
NCBI682,hest_var50,in_tissue,cp10k_panel,4859,50,0.33385851232529107,0.3373280673533956,0.3329605490667823,0.3454663461757132
NCBI682,hest_var50,in_tissue,cp10k_full,4859,50,0.20433489297142243,0.17647579719078219,0.22985345433908133,0.23690112347015757
NCBI682,trainHVG50,all,log1p_raw,4988,50,0.32250953149004746,0.32697877279035986,0.3215441983777759,0.338864753997627
NCBI682,trainHVG50,all,cp10k_panel,4988,50,0.3175412744923458,0.34264619028719373,0.31612002982361753,0.35377015427098774
NCBI682,trainHVG50,all,cp10k_full,4988,50,0.16293394339531858,0.17067631328639904,0.1711874021277119,0.17703930365395704
NCBI682,trainHVG50,in_tissue,log1p_raw,4859,50,0.29732829496107743,0.2948460069807368,0.2963190488136933,0.30682012255167973
NCBI682,trainHVG50,in_tissue,cp10k_panel,4859,50,0.2761309663179212,0.2931233874751593,0.2756427033840111,0.3055448561740636
NCBI682,trainHVG50,in_tissue,cp10k_full,4859,50,-0.003218612709716112,0.026561772253208136,0.09404270668710041,0.11706579336841579
NCBI682,trainHVG737,all,log1p_raw,4988,737,0.34588494554286053,0.3669317432909586,0.34555302289862555,0.3670677580099063
NCBI682,trainHVG737,all,cp10k_panel,4988,737,0.28733280611246087,0.3133802940260578,0.2868292127916734,0.3140246354439166
NCBI682,trainHVG737,all,cp10k_full,4988,737,0.1897216770110904,0.22042172902176463,0.1895485669099812,0.22270210204505803
NCBI682,trainHVG737,in_tissue,log1p_raw,4859,737,0.32915246517640506,0.3485261460489824,0.3268798837513513,0.34798212006062884
NCBI682,trainHVG737,in_tissue,cp10k_panel,4859,737,0.2426954425000046,0.2548560265091384,0.2473849406271398,0.2717901265824895
NCBI682,trainHVG737,in_tissue,cp10k_full,4859,737,0.12006198569597543,0.1012369619023384,0.14328167267800346,0.17604150943975305
NCBI683,hest_var50,all,log1p_raw,4992,50,0.2264143960727082,0.27574215995471585,0.23015769728449142,0.2864371837235338
NCBI683,hest_var50,all,cp10k_panel,4992,50,0.20620233083786432,0.25375661192224536,0.21206326231999828,0.2643675881624485
NCBI683,hest_var50,all,cp10k_full,4992,50,0.11799082205084438,0.15598131035880886,0.1156493631894154,0.1526254211426224
NCBI683,hest_var50,in_tissue,log1p_raw,4454,50,0.19203321406686152,0.2377698113859396,0.18858820496808829,0.23769022819427024
NCBI683,hest_var50,in_tissue,cp10k_panel,4454,50,0.16042026828526917,0.20123991790952658,0.1571697016739715,0.2006016143995087
NCBI683,hest_var50,in_tissue,cp10k_full,4454,50,0.08513789128085032,0.1013629748822818,0.07794872822054127,0.1097717767642132
NCBI683,trainHVG50,all,log1p_raw,4992,50,0.1327783263923039,0.199561313106936,0.13158536296210133,0.20734021315240675
NCBI683,trainHVG50,all,cp10k_panel,4992,50,0.11889710264361894,0.19031154416042176,0.12481002053606297,0.19704076290964812
NCBI683,trainHVG50,all,cp10k_full,4992,50,0.0657485746237639,0.10982234368076538,0.05630527331188711,0.10691959500819519
NCBI683,trainHVG50,in_tissue,log1p_raw,4454,50,0.11095207548480619,0.16881650152064426,0.11022218703610685,0.16803807502650844
NCBI683,trainHVG50,in_tissue,cp10k_panel,4454,50,0.10479195975831411,0.14904930906824143,0.10224371951835787,0.14789080035764693
NCBI683,trainHVG50,in_tissue,cp10k_full,4454,50,0.07179517135111105,0.07940615365131885,0.06108164279147387,0.07713999829636618
NCBI683,trainHVG737,all,log1p_raw,4992,737,0.2882864403934338,0.3047925508307049,0.28727129986440125,0.30408294434088395
NCBI683,trainHVG737,all,cp10k_panel,4992,737,0.23957613205854472,0.2517017039841543,0.23831740737827203,0.24956285591252755
NCBI683,trainHVG737,all,cp10k_full,4992,737,0.15135914985008037,0.1614942104727057,0.14939009027755784,0.16147850344675332
NCBI683,trainHVG737,in_tissue,log1p_raw,4454,737,0.2475709831362753,0.2626970053263508,0.2456467731995549,0.25912947521981666
NCBI683,trainHVG737,in_tissue,cp10k_panel,4454,737,0.18681787513737977,0.1923828830315967,0.184480235483828,0.18803861984801004
NCBI683,trainHVG737,in_tissue,cp10k_full,4454,737,0.10525361696337734,0.12244144076645892,0.10074707872074615,0.12355149295231102
NCBI684,hest_var50,all,log1p_raw,4992,50,0.3676628256720074,0.37738859854359014,0.3667044923991128,0.3763725737534477
NCBI684,hest_var50,all,cp10k_panel,4992,50,0.3626332464236989,0.36579504129826546,0.3619758644161485,0.37239910250126185
NCBI684,hest_var50,all,cp10k_full,4992,50,0.2260097819674795,0.22820393891766308,0.22465534644108834,0.23137632962239316
NCBI684,hest_var50,in_tissue,log1p_raw,3055,50,0.2775636042806495,0.30157992937296396,0.2746526705428256,0.29853263734165725
NCBI684,hest_var50,in_tissue,cp10k_panel,3055,50,0.22644567965841983,0.25412346512615963,0.22418117750091063,0.2526402113107051
NCBI684,hest_var50,in_tissue,cp10k_full,3055,50,0.09274414639921652,0.11590539776003107,0.08853672185480485,0.11253707714663355
NCBI684,trainHVG50,all,log1p_raw,4992,50,0.3111680332156459,0.3088078535981431,0.3096337419493076,0.3074220826793586
NCBI684,trainHVG50,all,cp10k_panel,4992,50,0.31366192967337925,0.3016779706134873,0.3126472423997446,0.30858939658874307
NCBI684,trainHVG50,all,cp10k_full,4992,50,0.17497791218548625,0.17689043451880518,0.17298274001032446,0.17796895493905493
NCBI684,trainHVG50,in_tissue,log1p_raw,3055,50,0.23410657045021327,0.24174717382081762,0.2298617988955201,0.23900322759142387
NCBI684,trainHVG50,in_tissue,cp10k_panel,3055,50,0.2054691522655273,0.21386865578930014,0.20293665315211296,0.20962829362222288
NCBI684,trainHVG50,in_tissue,cp10k_full,3055,50,0.06294477094816728,0.07879876508686628,0.05790784740641129,0.0785678962569658
NCBI684,trainHVG737,all,log1p_raw,4992,737,0.4337245947235661,0.44576025510108025,0.4333891612431287,0.44493813966659723
NCBI684,trainHVG737,all,cp10k_panel,4992,737,0.389146033562884,0.40068669718102046,0.38858548244402497,0.40172525441667606
NCBI684,trainHVG737,all,cp10k_full,4992,737,0.26939051244641565,0.27918444236150713,0.2680867868159216,0.28118477990522667
NCBI684,trainHVG737,in_tissue,log1p_raw,3055,737,0.33319646748802406,0.359956081661698,0.33092001749292815,0.3581237357506271
NCBI684,trainHVG737,in_tissue,cp10k_panel,3055,737,0.22657034272380458,0.24564376913881666,0.22439212855650575,0.24281345500285423
NCBI684,trainHVG737,in_tissue,cp10k_full,3055,737,0.10740656524994413,0.12449186014822533,0.10095243300199479,0.12069399833952527
