sample,panel,spotset,caliber,rtech_med_mine,rtech_med_stnull,rtech_q25,rtech_q75,rnbr_med,rnbr_mean,method
NCBI681,hest_var50,all,log1p_raw,0.503795250495374,0.505048328894794,0.43455572352534133,0.6779681901536241,0.2775051872190769,0.3563536793260313,split_half_full
NCBI681,hest_var50,all,cp10k_panel,0.4654773846468493,0.457306983962945,0.40436568922432,0.6065238526021299,0.21800571526030285,0.3006394800868488,split_half_full
NCBI681,hest_var50,all,cp10k_full,0.4056009441330954,0.409104750006676,0.3449199928030633,0.6401157189921393,0.12638922419498239,0.24732803697882078,split_half_full
NCBI682,hest_var50,all,log1p_raw,0.7770395672446184,0.7751780891571938,0.6655664456291107,0.8446795747601167,0.5969754776766203,0.5530407003575654,split_half_full
NCBI682,hest_var50,all,cp10k_panel,0.6810909546240802,0.6809310290570576,0.6011868781497308,0.7322754059911659,0.4409775754862678,0.4197356238107415,split_half_full
NCBI682,hest_var50,all,cp10k_full,0.6821789444041103,0.6855363475853575,0.5623124350382389,0.7572534323233888,0.4041742610192894,0.3844904248493827,split_half_full
NCBI683,hest_var50,all,log1p_raw,0.4208942008836358,0.4149500512502196,0.340378694165857,0.5949425968896711,0.24529447141178085,0.3306919009470031,split_half_full
NCBI683,hest_var50,all,cp10k_panel,0.37625544833669156,0.37921603852661256,0.3151161989155936,0.5423547702630099,0.20484546569942877,0.2735988765828217,split_half_full
NCBI683,hest_var50,all,cp10k_full,0.3160248022708485,0.3188179593350989,0.22292160085134521,0.5147318695783987,0.13447412572742887,0.21196615004327818,split_half_full
NCBI684,hest_var50,all,log1p_raw,0.5658252645461633,0.5732501077470502,0.4552695542904668,0.752399176855187,0.42000539400920006,0.4574267325096816,split_half_full
NCBI684,hest_var50,all,cp10k_panel,0.5191163351743355,0.5190354968081904,0.43144243508838515,0.6449765387249583,0.3600231569223693,0.3974125218112959,split_half_full
NCBI684,hest_var50,all,cp10k_full,0.39773519186041506,0.39812915039457897,0.3170766138505812,0.6417639446635451,0.19087588517797446,0.27227172829569585,split_half_full
NCBI681,hest_var50,in_tissue,log1p_raw,0.47376597184848435,0.4723920423373129,0.4049713311287933,0.6719169143781356,0.2159934616039277,0.30807494073357405,split_half_full
NCBI681,hest_var50,in_tissue,cp10k_panel,0.4241227856434904,0.4250523008896339,0.37332694047221365,0.5839177154149147,0.15874542316684603,0.24687158891602037,split_half_full
NCBI681,hest_var50,in_tissue,cp10k_full,0.3823535771039498,0.3805967899239776,0.32846031120172164,0.6482684178454271,0.10604987394242454,0.23192088808249836,split_half_full
NCBI682,hest_var50,in_tissue,log1p_raw,0.7723122925758005,0.7717363619584139,0.659310392875557,0.8395388684258122,0.5859024434345628,0.5398175246757433,split_half_full
NCBI682,hest_var50,in_tissue,cp10k_panel,0.670177517181765,0.6706953616560009,0.5954306797629618,0.7173869851208236,0.40376898884116197,0.38856598596174813,split_half_full
NCBI682,hest_var50,in_tissue,cp10k_full,0.6680851906625114,0.6662813491367573,0.5603666802857343,0.7492572117356368,0.38644265241121406,0.36758578981154405,split_half_full
NCBI683,hest_var50,in_tissue,log1p_raw,0.3722856100435687,0.3775099993915623,0.30217786221896004,0.5687188496991433,0.19632733325156318,0.28038960341006897,split_half_full
NCBI683,hest_var50,in_tissue,cp10k_panel,0.3343626842356533,0.3261710378696769,0.2733319322407439,0.4966592015296567,0.1527281415640043,0.2210115222787166,split_half_full
NCBI683,hest_var50,in_tissue,cp10k_full,0.26894908234132664,0.2685917554514774,0.19861505106824706,0.5226477659210633,0.10610907526662516,0.20148990250897575,split_half_full
NCBI684,hest_var50,in_tissue,log1p_raw,0.46099609243232664,0.4562064246888242,0.39116058901401884,0.7151213251369197,0.26466008359038345,0.3286660734615257,split_half_full
NCBI684,hest_var50,in_tissue,cp10k_panel,0.406648325711492,0.40642845419443296,0.3365580380262714,0.584056387154852,0.19511404522849682,0.25836999114786396,split_half_full
NCBI684,hest_var50,in_tissue,cp10k_full,0.3606690070475794,0.3566323894730119,0.26259434598308706,0.6356505220459939,0.13924614828242593,0.23282345168537436,split_half_full
NCBI681,trainHVG737,all,log1p_raw,0.564250198295273,0.5654630696789041,0.4725757632627796,0.6916960767249233,0.3681805154886415,0.40349660817182287,split_half_full
NCBI681,trainHVG737,all,cp10k_panel,0.4960650190700256,0.49682271154436547,0.40718870035447174,0.624902303825449,0.258389309782867,0.30108309752890267,split_half_full
NCBI681,trainHVG737,all,cp10k_full,0.45795043721422835,0.4609463925254496,0.37199981040644464,0.5977858925687316,0.19262831000823283,0.251826864133724,split_half_full
NCBI682,trainHVG737,all,log1p_raw,0.6433461438014931,0.6434910837941471,0.5671265004419996,0.7498510961203532,0.42252555545800125,0.44486466558753496,split_half_full
NCBI682,trainHVG737,all,cp10k_panel,0.5827562139201159,0.5825904731587683,0.5195740385329904,0.6701049619436666,0.30514274648729894,0.3354455242837102,split_half_full
NCBI682,trainHVG737,all,cp10k_full,0.5572453591552162,0.5556019846665475,0.48855221689629136,0.6316378829665388,0.24939106922187468,0.27814972292772616,split_half_full
NCBI683,trainHVG737,all,log1p_raw,0.4311606787038914,0.4345579476919593,0.3237175026658518,0.5909709262320915,0.2850544384261561,0.32607764890276286,split_half_full
NCBI683,trainHVG737,all,cp10k_panel,0.37387123040696846,0.373552229003488,0.28358089331292946,0.5144834740801338,0.21031005520946444,0.24708068261876232,split_half_full
NCBI683,trainHVG737,all,cp10k_full,0.31865630293944475,0.3152016448088254,0.23120466319958755,0.4436969499348405,0.13372557714848204,0.18006160128453824,split_half_full
NCBI684,trainHVG737,all,log1p_raw,0.6304206330038737,0.629255606505247,0.5077005770373151,0.7555301611779757,0.5126068375248648,0.5121428090833222,split_half_full
NCBI684,trainHVG737,all,cp10k_panel,0.5475383510041719,0.54661212039523,0.43449114783611836,0.6714985119421784,0.39508614668658876,0.4058433193202978,split_half_full
NCBI684,trainHVG737,all,cp10k_full,0.45187611092784125,0.45149714355639,0.34988418110424074,0.5873364462571949,0.2596994282188609,0.293494596934787,split_half_full
NCBI681,trainHVG737,in_tissue,log1p_raw,0.530320581462793,0.5296775350252142,0.4401674607356607,0.6549302697873731,0.29903983148489377,0.34227198663078984,split_half_full
NCBI681,trainHVG737,in_tissue,cp10k_panel,0.451877260434991,0.45265629911068267,0.3738348645836841,0.5784688603591693,0.18335090391926034,0.24441717071792488,split_half_full
NCBI681,trainHVG737,in_tissue,cp10k_full,0.4368991886791126,0.43880781227776783,0.3495607950477037,0.5683124508546584,0.157202306754097,0.23220212529601147,split_half_full
NCBI682,trainHVG737,in_tissue,log1p_raw,0.6328701442070856,0.6331344253248319,0.558129120046405,0.7421703768971044,0.4004034937264497,0.42567284281902157,split_half_full
NCBI682,trainHVG737,in_tissue,cp10k_panel,0.5692765848905946,0.5700489322739509,0.5080706818477676,0.6532963052653368,0.2789927441945443,0.30766765892080045,split_half_full
NCBI682,trainHVG737,in_tissue,cp10k_full,0.5432982996138012,0.5437224457790625,0.47929043614829087,0.6182367853668955,0.2289568615799851,0.2597709901698213,split_half_full
NCBI683,trainHVG737,in_tissue,log1p_raw,0.3920299525756273,0.3900522551449912,0.2939790465203179,0.5383254140260673,0.21855309199824607,0.27057923075306733,split_half_full
NCBI683,trainHVG737,in_tissue,cp10k_panel,0.33101606451716864,0.331008131690663,0.24714191037307004,0.44589819023104277,0.14975719807142368,0.19261919809169348,split_half_full
NCBI683,trainHVG737,in_tissue,cp10k_full,0.2870166523474408,0.28197888586688036,0.20196637603318135,0.4047807337500006,0.10284768761766855,0.15802049050159153,split_half_full
NCBI684,trainHVG737,in_tissue,log1p_raw,0.5365835974082477,0.5342730381387658,0.4167303927509476,0.6691027467744637,0.33532051916810857,0.3675606691672841,split_half_full
NCBI684,trainHVG737,in_tissue,cp10k_panel,0.4354888885952062,0.4388424338573302,0.3407044078316752,0.5722743284426836,0.22960399704154102,0.2646291778336751,split_half_full
NCBI684,trainHVG737,in_tissue,cp10k_full,0.38674428611807676,0.38533821407408997,0.27291374562923576,0.5467458454748342,0.177009575516879,0.24000438543838445,split_half_full
