sample,fold,panel,spotset,caliber,n_spots,n_genes,med_r_trainfit,mean_r_trainfit,med_r_cv,mean_r_cv
INT24,0,hest_var50,all,log1p_raw,4510,50,0.4718623035524476,0.47358342128760456,0.47023306345919746,0.47244250452101183
INT15,0,hest_var50,all,log1p_raw,4940,50,0.2698977413833106,0.31730202349980696,0.26872987698650763,0.315962487547302
INT14,0,hest_var50,all,log1p_raw,4562,50,0.26402089755824504,0.27061892312499447,0.26312760162384474,0.26885007789717247
INT13,0,hest_var50,all,log1p_raw,4359,50,0.4125258210623217,0.4178200391672342,0.4113521407783329,0.4165374460571277
INT24,0,hest_var50,all,cp10k_panel,4510,50,0.31688383336390435,0.3168766467718066,0.3152565326000156,0.31559693372406733
INT15,0,hest_var50,all,cp10k_panel,4940,50,0.206830486978741,0.22943499825725433,0.20399350831907048,0.22732277232364262
INT14,0,hest_var50,all,cp10k_panel,4562,50,0.2094135684862627,0.21123599238856675,0.2079041643331971,0.20924368766365853
INT13,0,hest_var50,all,cp10k_panel,4359,50,0.3059975569679763,0.31219053888448944,0.3052148241129836,0.31057016991004427
INT24,0,hest_var50,all,cp10k_full,4510,50,0.1897728048641714,0.18420795076105417,0.1875525949232704,0.18716326269544348
INT15,0,hest_var50,all,cp10k_full,4940,50,0.1160751995673075,0.13509527351990047,0.1097619705557619,0.12839374117708102
INT14,0,hest_var50,all,cp10k_full,4562,50,0.11833292372362031,0.11391538306122846,0.1152445991786345,0.11245296352195167
INT13,0,hest_var50,all,cp10k_full,4359,50,0.16339867890621235,0.1661590674907269,0.16062110240719812,0.1640603909421638
INT24,0,trainHVG50,all,log1p_raw,4510,50,0.47186230355244774,0.4749055255636522,0.47139716472259136,0.4740519455708767
INT15,0,trainHVG50,all,log1p_raw,4940,50,0.2855243381809667,0.3300394362751973,0.28432896098730986,0.32867137801266894
INT14,0,trainHVG50,all,log1p_raw,4562,50,0.25879798197536275,0.2740392678191473,0.2550019315026153,0.27200651333173814
INT13,0,trainHVG50,all,log1p_raw,4359,50,0.44171540255152253,0.4388268034166872,0.440089763413911,0.4377352974435511
INT24,0,trainHVG50,all,cp10k_panel,4510,50,0.32352221483278853,0.32570204224072485,0.32228733694185197,0.3244115842215365
INT15,0,trainHVG50,all,cp10k_panel,4940,50,0.22135812653661574,0.23724475196927167,0.21994439951949846,0.2346528601284037
INT14,0,trainHVG50,all,cp10k_panel,4562,50,0.2090038692044749,0.21306749472395425,0.2071269882648675,0.21146538787634192
INT13,0,trainHVG50,all,cp10k_panel,4359,50,0.33826552456930215,0.3224174586845173,0.33738288425724905,0.3208614019261784
INT24,0,trainHVG50,all,cp10k_full,4510,50,0.19270352883208822,0.19424064213139441,0.19057022036963372,0.19142335824479165
INT15,0,trainHVG50,all,cp10k_full,4940,50,0.13116200050622656,0.14169783316655044,0.12816619362416848,0.13476707629770587
INT14,0,trainHVG50,all,cp10k_full,4562,50,0.11271871555362564,0.11540320338267859,0.10876350752525585,0.1155889868749209
INT13,0,trainHVG50,all,cp10k_full,4359,50,0.18444095889844564,0.17462007051124007,0.182416972998105,0.17042638729057571
INT24,0,trainHVG737,all,log1p_raw,4510,737,0.5241393654469736,0.5273445007452255,0.5232959006227365,0.5265131054530695
INT15,0,trainHVG737,all,log1p_raw,4940,737,0.31972618073196785,0.3531047180071841,0.3181250881785054,0.35150960515605817
INT14,0,trainHVG737,all,log1p_raw,4562,737,0.31465452903704827,0.3354062507535292,0.3121942691587416,0.3329976823985524
INT13,0,trainHVG737,all,log1p_raw,4359,737,0.44278758779033434,0.4554730842096177,0.4417314828312027,0.45443442565002623
INT24,0,trainHVG737,all,cp10k_panel,4510,737,0.26625003022752874,0.26515753170274475,0.2647869491899851,0.2639590350076737
INT15,0,trainHVG737,all,cp10k_panel,4940,737,0.18210556925415325,0.1898564610998985,0.18112275916984075,0.19095724946227333
INT14,0,trainHVG737,all,cp10k_panel,4562,737,0.1861397716425588,0.19188066523171562,0.18406012918046083,0.19029299425288326
INT13,0,trainHVG737,all,cp10k_panel,4359,737,0.26375154932488026,0.2631096152034241,0.2625050538219476,0.26219571246110995
INT24,0,trainHVG737,all,cp10k_full,4510,737,0.20408178571017896,0.20278933889780576,0.20212387397462733,0.20394586536326342
INT15,0,trainHVG737,all,cp10k_full,4940,737,0.1290919744888542,0.13721522214358106,0.12843498158657993,0.1421897398541757
INT14,0,trainHVG737,all,cp10k_full,4562,737,0.13538766842021796,0.1409236140765372,0.13267900686269266,0.13988093233754811
INT13,0,trainHVG737,all,cp10k_full,4359,737,0.17474177216478287,0.17236013151865295,0.1724025676274597,0.1730154430839833
INT12,1,hest_var50,all,log1p_raw,1451,50,0.29769448576967317,0.31525451422360323,0.29481618792247777,0.3090076308175298
INT11,1,hest_var50,all,log1p_raw,1439,50,0.4971053874723325,0.5104893035968825,0.49449492464348904,0.5074243722145142
INT10,1,hest_var50,all,log1p_raw,1983,50,0.6913174787775407,0.6957569623527528,0.6901989027880038,0.6949982436301422
INT9,1,hest_var50,all,log1p_raw,1696,50,0.560790226279839,0.5452707160290774,0.5600702579934583,0.5428206319100235
INT12,1,hest_var50,all,cp10k_panel,1451,50,0.18227496718761443,0.18514418345452427,0.17534356150735486,0.17393830505449795
INT11,1,hest_var50,all,cp10k_panel,1439,50,0.26423314884807003,0.2553018069233976,0.25983412765225944,0.24805512919762432
INT10,1,hest_var50,all,cp10k_panel,1983,50,0.5716397147240686,0.5443797113910503,0.570200753040415,0.5423293613506549
INT9,1,hest_var50,all,cp10k_panel,1696,50,0.4035932358765384,0.3823143303710668,0.4013835080967644,0.3786946014266338
INT12,1,hest_var50,all,cp10k_full,1451,50,0.07762857407367002,0.0686335576056285,0.07949630827342034,0.07400457578163191
INT11,1,hest_var50,all,cp10k_full,1439,50,0.12759608158471109,0.13012076200681638,0.12133579144782222,0.12172366851297012
INT10,1,hest_var50,all,cp10k_full,1983,50,0.2815428136237794,0.27081286762736345,0.27789036074479495,0.2789259242482353
INT9,1,hest_var50,all,cp10k_full,1696,50,0.20863329230541716,0.18939814639386687,0.20081217441312776,0.194622898701349
INT12,1,trainHVG50,all,log1p_raw,1451,50,0.3100321852124363,0.3398295938992357,0.3078460799840769,0.3324510271370171
INT11,1,trainHVG50,all,log1p_raw,1439,50,0.5013664693811926,0.5085469575506504,0.49877528015418443,0.5062022141881068
INT10,1,trainHVG50,all,log1p_raw,1983,50,0.6913174787775409,0.7031743974646912,0.6902716113148323,0.7021927005666518
INT9,1,trainHVG50,all,log1p_raw,1696,50,0.581381262340423,0.5656643453061792,0.5794661516014452,0.5636588207908201
INT12,1,trainHVG50,all,cp10k_panel,1451,50,0.2016604630545886,0.1877967940598111,0.19638393461784376,0.17792800619707286
INT11,1,trainHVG50,all,cp10k_panel,1439,50,0.2632226824595934,0.2514011836831782,0.2603425083492047,0.24360818885076668
INT10,1,trainHVG50,all,cp10k_panel,1983,50,0.5625903691960239,0.5451936497789884,0.5607078070649175,0.5437534551063634
INT9,1,trainHVG50,all,cp10k_panel,1696,50,0.4026638922989729,0.3828238425709978,0.3996516127796189,0.3790895463715622
INT12,1,trainHVG50,all,cp10k_full,1451,50,0.0901852844284036,0.08444295888464129,0.08674287337263942,0.08182230592872902
INT11,1,trainHVG50,all,cp10k_full,1439,50,0.12468126199955322,0.11605842872915634,0.1109507599999045,0.10263003765127841
INT10,1,trainHVG50,all,cp10k_full,1983,50,0.2815428136237794,0.29361838746542196,0.27742643693053604,0.29313117230096514
INT9,1,trainHVG50,all,cp10k_full,1696,50,0.21675722639643608,0.20343354832534769,0.20990618640738218,0.20760564992033728
INT12,1,trainHVG737,all,log1p_raw,1451,737,0.3220661137747401,0.34529009135001076,0.3185864800830857,0.34059619070694835
INT11,1,trainHVG737,all,log1p_raw,1439,737,0.5040850130817481,0.5161739846344925,0.5013329678377424,0.5134713861981165
INT10,1,trainHVG737,all,log1p_raw,1983,737,0.7496854635615019,0.7338902158432644,0.7491712847540241,0.7330911384812006
INT9,1,trainHVG737,all,log1p_raw,1696,737,0.5396125076927555,0.5453299750816487,0.53799510074958,0.5435854942794482
INT12,1,trainHVG737,all,cp10k_panel,1451,737,0.1518519143185071,0.14375732464955776,0.14062862233705697,0.13472354068378395
INT11,1,trainHVG737,all,cp10k_panel,1439,737,0.1958470057497277,0.19020305087488848,0.18775165799238924,0.18519061597863773
INT10,1,trainHVG737,all,cp10k_panel,1983,737,0.48428052641492175,0.44931200965013224,0.48212226741031255,0.45775449425691017
INT9,1,trainHVG737,all,cp10k_panel,1696,737,0.31906934591862174,0.3000700100014022,0.31484437085378963,0.2986586379143995
INT12,1,trainHVG737,all,cp10k_full,1451,737,0.09562061931249928,0.09142479358910457,0.07967165210032427,0.07944126602074274
INT11,1,trainHVG737,all,cp10k_full,1439,737,0.13621975533180017,0.13677615433572154,0.12641546012536345,0.13100850941944206
INT10,1,trainHVG737,all,cp10k_full,1983,737,0.3007625949096221,0.28654162887757045,0.3001406244713435,0.29734516673483874
INT9,1,trainHVG737,all,cp10k_full,1696,737,0.19927485508119594,0.18818288747079037,0.195147768573842,0.18812109027254467
INT8,2,hest_var50,all,log1p_raw,1949,50,0.5535561895177039,0.556894651740197,0.5526355563917196,0.5554105254152746
INT7,2,hest_var50,all,log1p_raw,2374,50,0.4241055886836236,0.4281209966205421,0.42236464157567866,0.4257545668817084
INT6,2,hest_var50,all,log1p_raw,1678,50,0.5119760918047993,0.5389204553591765,0.5099864273100274,0.5373210365979186
INT23,2,hest_var50,all,log1p_raw,4755,50,0.3689178471969977,0.3647443543912491,0.36741770515228,0.363599844212602
INT8,2,hest_var50,all,cp10k_panel,1949,50,0.2981496339239629,0.29960921482107195,0.29409413893598,0.2943764769680188
INT7,2,hest_var50,all,cp10k_panel,2374,50,0.2810310177075549,0.26398657790592706,0.27493504907328303,0.2592096345795127
INT6,2,hest_var50,all,cp10k_panel,1678,50,0.4058479460044828,0.3977869058668881,0.40316028145672855,0.39494312669903986
INT23,2,hest_var50,all,cp10k_panel,4755,50,0.2217158350451057,0.2112320836794609,0.2207665137455223,0.21197237425048002
INT8,2,hest_var50,all,cp10k_full,1949,50,0.13562393274687642,0.13617119035106195,0.13036914400324112,0.12218337594438626
INT7,2,hest_var50,all,cp10k_full,2374,50,0.1514360999332111,0.14496295907091913,0.1466627238642814,0.13632994894902958
INT6,2,hest_var50,all,cp10k_full,1678,50,0.20584839296104152,0.2066182577980992,0.19742598481829457,0.19896665078173936
INT23,2,hest_var50,all,cp10k_full,4755,50,0.058124083406838875,0.05385519028009548,0.06747392894803905,0.0721690419363339
INT8,2,trainHVG50,all,log1p_raw,1949,50,0.5601205345653841,0.5597455557739591,0.5586043493637194,0.5584359712856684
INT7,2,trainHVG50,all,log1p_raw,2374,50,0.4536834383099802,0.47354194215245954,0.451275134325402,0.47128078693118725
INT6,2,trainHVG50,all,log1p_raw,1678,50,0.5522057574479051,0.5683746678230779,0.550524934550362,0.5669225756696703
INT23,2,trainHVG50,all,log1p_raw,4755,50,0.3727610718902479,0.3902039572054937,0.37178040747730373,0.38888224858545184
INT8,2,trainHVG50,all,cp10k_panel,1949,50,0.29598447668071637,0.2970021612392796,0.2929646006375034,0.291748413050917
INT7,2,trainHVG50,all,cp10k_panel,2374,50,0.276399656032444,0.26718426431032216,0.27496954461286993,0.2621593883875602
INT6,2,trainHVG50,all,cp10k_panel,1678,50,0.40235443050414565,0.39572823544064617,0.39834453905456,0.3926347591340004
INT23,2,trainHVG50,all,cp10k_panel,4755,50,0.22924798988659664,0.21293209899601417,0.2264622112002548,0.21313773880477627
INT8,2,trainHVG50,all,cp10k_full,1949,50,0.13333026928611877,0.13003296294275624,0.12302686316523484,0.11797116050053459
INT7,2,trainHVG50,all,cp10k_full,2374,50,0.16073437788395195,0.15708752331897705,0.15370604550141143,0.1491322376150734
INT6,2,trainHVG50,all,cp10k_full,1678,50,0.2134995091859979,0.21857832328799567,0.20852893462037697,0.21126646501028845
INT23,2,trainHVG50,all,cp10k_full,4755,50,0.07322004504359084,0.06233766353169386,0.08241528313583191,0.08045963548108409
INT8,2,trainHVG737,all,log1p_raw,1949,737,0.5613792044991653,0.5652983067682447,0.5595880671339923,0.5633988633227016
INT7,2,trainHVG737,all,log1p_raw,2374,737,0.4938405893900908,0.49066046630059074,0.4917826961189414,0.48834108193926445
INT6,2,trainHVG737,all,log1p_raw,1678,737,0.5873898073211448,0.5925578102128365,0.5866588517484131,0.5910370925318632
INT23,2,trainHVG737,all,log1p_raw,4755,737,0.4559961723022271,0.47239480479770346,0.45568547942883053,0.4715249222965635
INT8,2,trainHVG737,all,cp10k_panel,1949,737,0.21227312671599882,0.20135609048167788,0.20594617932822415,0.19723819479768048
INT7,2,trainHVG737,all,cp10k_panel,2374,737,0.21507346740386915,0.20637982501598517,0.21030632780795705,0.19907579137585632
INT6,2,trainHVG737,all,cp10k_panel,1678,737,0.3294845379836846,0.32522051524381035,0.32585219530517834,0.3212415170009461
INT23,2,trainHVG737,all,cp10k_panel,4755,737,0.17940601018034819,0.17454359271177347,0.1767539375466218,0.1732080584108563
INT8,2,trainHVG737,all,cp10k_full,1949,737,0.1386496832662468,0.13282732404757625,0.12962838994507495,0.12421268316942871
INT7,2,trainHVG737,all,cp10k_full,2374,737,0.15866388273369078,0.15725177198076418,0.15097339273933774,0.14930114468183814
INT6,2,trainHVG737,all,cp10k_full,1678,737,0.23113481067075414,0.22911086902791405,0.22487767860637822,0.22352015899378863
INT23,2,trainHVG737,all,cp10k_full,4755,737,0.10225567654017076,0.09872137856682803,0.10032228411375266,0.10469507186844278
INT5,3,hest_var50,all,log1p_raw,1186,50,0.7954754535265818,0.7079956371080662,0.7949876012888499,0.7062429890690147
INT4,3,hest_var50,all,log1p_raw,1349,50,0.4381972016177933,0.4477882675213833,0.43606213517719306,0.4439623186499362
INT3,3,hest_var50,all,log1p_raw,2007,50,0.40997676460318755,0.4170643197561175,0.4080391020285362,0.414381892980179
INT2,3,hest_var50,all,log1p_raw,2580,50,0.5065275078649303,0.4894935267571657,0.5045589988639041,0.48790441229908266
INT5,3,hest_var50,all,cp10k_panel,1186,50,0.3030549704800012,0.2450391297457877,0.2856265115162414,0.2325851278537989
INT4,3,hest_var50,all,cp10k_panel,1349,50,0.33074557170293817,0.33570607849929907,0.3251104313749066,0.3315759871615538
INT3,3,hest_var50,all,cp10k_panel,2007,50,0.3106524178262834,0.3046533143855044,0.30824146180988227,0.3012830299214652
INT2,3,hest_var50,all,cp10k_panel,2580,50,0.378673271734341,0.36384226244907114,0.3767169743219081,0.36135122561669325
INT5,3,hest_var50,all,cp10k_full,1186,50,0.2001621224463311,0.1693005681442122,0.20362853286152544,0.19651510111981121
INT4,3,hest_var50,all,cp10k_full,1349,50,0.21608225840540737,0.213070237519894,0.21518427606252807,0.21966926673346826
INT3,3,hest_var50,all,cp10k_full,2007,50,0.17943973236771874,0.17819344542666335,0.17439412842619387,0.1794323711537463
INT2,3,hest_var50,all,cp10k_full,2580,50,0.25148924495372516,0.24085927320595857,0.24801670686449892,0.2423851348335924
INT5,3,trainHVG50,all,log1p_raw,1186,50,0.455848908827061,0.4829458511696291,0.4535115978825159,0.47869060512826295
INT4,3,trainHVG50,all,log1p_raw,1349,50,0.350599868618778,0.357986561869775,0.3450221678868143,0.35175708674046724
INT3,3,trainHVG50,all,log1p_raw,2007,50,0.3024637974913411,0.3040191706217303,0.2987254237250192,0.30063697776350773
INT2,3,trainHVG50,all,log1p_raw,2580,50,0.2910554766990933,0.31943754691648457,0.28931137233120574,0.3162749439463546
INT5,3,trainHVG50,all,cp10k_panel,1186,50,0.28979064092491347,0.27882324927182434,0.28413241170706804,0.26553467447927237
INT4,3,trainHVG50,all,cp10k_panel,1349,50,0.28628507301845163,0.2811875634024318,0.2822469964313459,0.2744820070668058
INT3,3,trainHVG50,all,cp10k_panel,2007,50,0.25362147492953946,0.24395395606781092,0.2510715325462316,0.23948975419653645
INT2,3,trainHVG50,all,cp10k_panel,2580,50,0.2489296501635299,0.2640873896698552,0.24539947280207952,0.25961387007189696
INT5,3,trainHVG50,all,cp10k_full,1186,50,0.02698560784767521,0.03223777180272102,0.03365423116355942,0.06330399600444307
INT4,3,trainHVG50,all,cp10k_full,1349,50,0.17716021513556152,0.15746934275360688,0.1768728688268174,0.17758568918950451
INT3,3,trainHVG50,all,cp10k_full,2007,50,0.1339478305108941,0.1221064739226554,0.12890123819201063,0.12843892786328193
INT2,3,trainHVG50,all,cp10k_full,2580,50,0.13839312363649592,0.1424010655373831,0.1455129361046923,0.15299272837304764
INT5,3,trainHVG737,all,log1p_raw,1186,737,0.5414333291650318,0.5539679538274683,0.5392908203436054,0.5515671716133946
INT4,3,trainHVG737,all,log1p_raw,1349,737,0.3358464517351301,0.3642666912403569,0.3304861216022488,0.35815275014955866
INT3,3,trainHVG737,all,log1p_raw,2007,737,0.3127715818198544,0.33951945999957833,0.3083837555638763,0.3361371014771193
INT2,3,trainHVG737,all,log1p_raw,2580,737,0.32369324498370183,0.35908980606764596,0.3214122643296938,0.3566692902924004
INT5,3,trainHVG737,all,cp10k_panel,1186,737,0.2245335481425265,0.20512713048626224,0.21378268505302953,0.19772366925560583
INT4,3,trainHVG737,all,cp10k_panel,1349,737,0.22719936269240162,0.23550265646531174,0.2215673963052918,0.229348249407833
INT3,3,trainHVG737,all,cp10k_panel,2007,737,0.21520726512448307,0.2209136206864506,0.2111500848727528,0.21733310808049178
INT2,3,trainHVG737,all,cp10k_panel,2580,737,0.236341292352975,0.248672371631706,0.23308170439948125,0.24611558099070885
INT5,3,trainHVG737,all,cp10k_full,1186,737,0.10063189717357636,0.09096194744070488,0.10146400375333237,0.10120228924819702
INT4,3,trainHVG737,all,cp10k_full,1349,737,0.1683324572056729,0.17565379057885913,0.16171517358894055,0.17052902612607776
INT3,3,trainHVG737,all,cp10k_full,2007,737,0.1461521962532691,0.1493856620288747,0.1398832850708964,0.14533884848342873
INT2,3,trainHVG737,all,cp10k_full,2580,737,0.16658158637716675,0.17666080900255954,0.16366884844129329,0.17584474422782065
INT1,4,hest_var50,all,log1p_raw,1084,50,0.29929995114078706,0.33917004346459634,0.2938894990952567,0.33235400453408465
INT22,4,hest_var50,all,log1p_raw,3829,50,0.3474613384344005,0.37711694021634934,0.3443978192067106,0.3754628509390129
INT21,4,hest_var50,all,log1p_raw,4975,50,0.39224558640571283,0.41958892291849736,0.39134101787015974,0.4186472164642742
INT20,4,hest_var50,all,log1p_raw,4860,50,0.30247671830758605,0.3084907578037798,0.30113634933493794,0.3072701232230736
INT1,4,hest_var50,all,cp10k_panel,1084,50,0.23389832371233604,0.2525518478200114,0.22642260621078653,0.2438706093794985
INT22,4,hest_var50,all,cp10k_panel,3829,50,0.24333257359250404,0.2381225597174583,0.2411365193101866,0.23532533191163957
INT21,4,hest_var50,all,cp10k_panel,4975,50,0.31272553326492525,0.3395643186101709,0.31085589708037487,0.3380575450054321
INT20,4,hest_var50,all,cp10k_panel,4860,50,0.2510037238817362,0.2593066371685612,0.24963070558520611,0.25777703898625676
INT1,4,hest_var50,all,cp10k_full,1084,50,0.1390870133199193,0.14826553018106078,0.12225329788717562,0.13475517344733245
INT22,4,hest_var50,all,cp10k_full,3829,50,0.10175854987107416,0.10436238903561533,0.09483395013027184,0.10238162826135422
INT21,4,hest_var50,all,cp10k_full,4975,50,0.15467310865724954,0.17476393970310153,0.1511987237911508,0.17605181425018987
INT20,4,hest_var50,all,cp10k_full,4860,50,0.1672616453944498,0.16017041876482416,0.16496598846949861,0.16299099501373462
INT1,4,trainHVG50,all,log1p_raw,1084,50,0.2698851743936542,0.2975079212658252,0.2595949247497551,0.2901152627363555
INT22,4,trainHVG50,all,log1p_raw,3829,50,0.349904295248871,0.3862946993878977,0.3483424655389258,0.38482065798167925
INT21,4,trainHVG50,all,log1p_raw,4975,50,0.3871107536262949,0.41824112125874796,0.3859150402844908,0.4173975686922576
INT20,4,trainHVG50,all,log1p_raw,4860,50,0.2945517374538863,0.3059887679928902,0.2930189399078732,0.304643346635584
INT1,4,trainHVG50,all,cp10k_panel,1084,50,0.22684849651145617,0.2311035408331467,0.21959668669202922,0.22176193204316647
INT22,4,trainHVG50,all,cp10k_panel,3829,50,0.24069314013170973,0.23577633691147112,0.23897366314473206,0.23166520530145732
INT21,4,trainHVG50,all,cp10k_panel,4975,50,0.3123702016350532,0.3347698138122741,0.3117887253841213,0.33324581163474604
INT20,4,trainHVG50,all,cp10k_panel,4860,50,0.24771933030066837,0.25393616510368716,0.24580950494781081,0.25251113454047386
INT1,4,trainHVG50,all,cp10k_full,1084,50,0.12656508100826286,0.12932048292408818,0.11337038495784456,0.1141298417312019
INT22,4,trainHVG50,all,cp10k_full,3829,50,0.09880094784409624,0.10650257381299426,0.09205729306674028,0.10419347682201473
INT21,4,trainHVG50,all,cp10k_full,4975,50,0.15185959690834777,0.1756239693044738,0.1462652003360509,0.1780163482421663
INT20,4,trainHVG50,all,cp10k_full,4860,50,0.15529307492766087,0.1563544356497775,0.1533006948256841,0.1586257015662013
INT1,4,trainHVG737,all,log1p_raw,1084,737,0.3237278658538641,0.3533836704993558,0.3168043145138331,0.34756967988426213
INT22,4,trainHVG737,all,log1p_raw,3829,737,0.4249232843874728,0.440602736113035,0.4236630825594207,0.4394569019527226
INT21,4,trainHVG737,all,log1p_raw,4975,737,0.47492601995094313,0.4854742646426389,0.47425300181453267,0.48480872308476813
INT20,4,trainHVG737,all,log1p_raw,4860,737,0.351957742158607,0.36771074691730915,0.351303867443455,0.3666211413561434
INT1,4,trainHVG737,all,cp10k_panel,1084,737,0.21399523412709628,0.21710271332839814,0.2069298432454364,0.20671393003412317
INT22,4,trainHVG737,all,cp10k_panel,3829,737,0.18917169257069838,0.18522919671723329,0.1855537348742241,0.1853669496694665
INT21,4,trainHVG737,all,cp10k_panel,4975,737,0.28692901868903664,0.2946178720266715,0.2848555702858849,0.2926122408564191
INT20,4,trainHVG737,all,cp10k_panel,4860,737,0.2483628476626371,0.24908038694652776,0.246146829039764,0.24738341484405535
INT1,4,trainHVG737,all,cp10k_full,1084,737,0.15190288227875454,0.1529052643596179,0.13813106408660344,0.1388633475635625
INT22,4,trainHVG737,all,cp10k_full,3829,737,0.11211159340105799,0.11585439336225425,0.10761536221543153,0.1137165000310022
INT21,4,trainHVG737,all,cp10k_full,4975,737,0.1948712437818544,0.19992428296140802,0.19214600895394043,0.197686440532479
INT20,4,trainHVG737,all,cp10k_full,4860,737,0.18346222669498502,0.18432383977395025,0.18278152124529176,0.18659431581147257
INT19,5,hest_var50,all,log1p_raw,4948,50,0.3362164135254895,0.3476616668408489,0.3358764897867394,0.34663452744493667
INT18,5,hest_var50,all,log1p_raw,4915,50,0.4621765253657746,0.5007021265960107,0.4613237293938912,0.49991639034139884
INT17,5,hest_var50,all,log1p_raw,3585,50,0.27869113879988705,0.2995134478874081,0.2767772969425779,0.297810156363135
INT16,5,hest_var50,all,log1p_raw,3206,50,0.2971180408248403,0.2969062781107601,0.29564211807773677,0.294231167492479
INT19,5,hest_var50,all,cp10k_panel,4948,50,0.2860150418363384,0.29180620504870247,0.2849495301566637,0.2905453852007942
INT18,5,hest_var50,all,cp10k_panel,4915,50,0.37614040639779645,0.3917124808540388,0.3752663562670889,0.39042713543282276
INT17,5,hest_var50,all,cp10k_panel,3585,50,0.23630485385470562,0.25297845660127677,0.23423513955790537,0.2509000803329778
INT16,5,hest_var50,all,cp10k_panel,3206,50,0.20192089378532418,0.18645391549371254,0.19867268457346615,0.18114567546290838
INT19,5,hest_var50,all,cp10k_full,4948,50,0.17275771010096758,0.16322999649036818,0.1712787083134369,0.178217315765752
INT18,5,hest_var50,all,cp10k_full,4915,50,0.19433538656250204,0.19125560309221418,0.19363374589856186,0.20679218663427534
INT17,5,hest_var50,all,cp10k_full,3585,50,0.14628722470923194,0.14050824225816566,0.1442791178492171,0.1486726345734651
INT16,5,hest_var50,all,cp10k_full,3206,50,0.09497987530265999,0.09637908569196126,0.09315683062850108,0.10067719438724708
INT19,5,trainHVG50,all,log1p_raw,4948,50,0.33435636446064376,0.3419634012217044,0.3327202578434232,0.34079668293023063
INT18,5,trainHVG50,all,log1p_raw,4915,50,0.5076680536055083,0.542937768865709,0.5073451950572705,0.5424021908703756
INT17,5,trainHVG50,all,log1p_raw,3585,50,0.28823898290634103,0.31457949835865506,0.2867815928865919,0.31249784982053747
INT16,5,trainHVG50,all,log1p_raw,3206,50,0.3065665929230026,0.3297095730259745,0.30523377025274323,0.32727855108875814
INT19,5,trainHVG50,all,cp10k_panel,4948,50,0.2790214905110387,0.2874654993915827,0.2783063099740442,0.2860774366833071
INT18,5,trainHVG50,all,cp10k_panel,4915,50,0.4103089166262056,0.41780186130593866,0.4096698414008363,0.41674740293040224
INT17,5,trainHVG50,all,cp10k_panel,3585,50,0.24397971776778127,0.26034094051803075,0.23976436137719065,0.2582864362808291
INT16,5,trainHVG50,all,cp10k_panel,3206,50,0.2094711809936068,0.20849478341646432,0.2070298854445928,0.20420344167381518
INT19,5,trainHVG50,all,cp10k_full,4948,50,0.17092666592906303,0.15653939023336083,0.17174236798808135,0.17787649302886377
INT18,5,trainHVG50,all,cp10k_full,4915,50,0.20496773194661946,0.21106546731536194,0.213900975147094,0.23270023731640507
INT17,5,trainHVG50,all,cp10k_full,3585,50,0.15209263414321392,0.14778961258235151,0.15803420901197823,0.16151990143437422
INT16,5,trainHVG50,all,cp10k_full,3206,50,0.09682843458870877,0.09807940793127043,0.09168547041227103,0.11473162173107215
INT19,5,trainHVG737,all,log1p_raw,4948,737,0.37075181894702314,0.39345813993033824,0.3695353622256978,0.39241329999212055
INT18,5,trainHVG737,all,log1p_raw,4915,737,0.5696905893655843,0.5808263129767687,0.5688238301724449,0.5803216254148948
INT17,5,trainHVG737,all,log1p_raw,3585,737,0.3520317386690519,0.36596407426031385,0.3511350428079073,0.36438631673119476
INT16,5,trainHVG737,all,log1p_raw,3206,737,0.34180262595559757,0.3620490014046414,0.34032457023687784,0.3599713914303457
INT19,5,trainHVG737,all,cp10k_panel,4948,737,0.2548821315169093,0.2640383091557235,0.25356420620363374,0.26357241088354577
INT18,5,trainHVG737,all,cp10k_panel,4915,737,0.35290987994544737,0.34699827108234615,0.35150516251791136,0.348527545264295
INT17,5,trainHVG737,all,cp10k_panel,3585,737,0.24760631560155472,0.25131140916213585,0.2465694525726298,0.2520932572621237
INT16,5,trainHVG737,all,cp10k_panel,3206,737,0.1776932057666914,0.16836928971610796,0.17580755529568723,0.17188069545424306
INT19,5,trainHVG737,all,cp10k_full,4948,737,0.18336351307068208,0.1896805995375709,0.182571933392566,0.19207167308509715
INT18,5,trainHVG737,all,cp10k_full,4915,737,0.2457712846422946,0.2397433824931162,0.24523676158446187,0.2477139176826015
INT17,5,trainHVG737,all,cp10k_full,3585,737,0.182341431672118,0.1809755065887427,0.18053018581316388,0.1863692974390178
INT16,5,trainHVG737,all,cp10k_full,3206,737,0.1180158383598959,0.11764284941487113,0.11647380150579835,0.12509863913289895
