sample,fold,panel,spotset,caliber,k,n_spots,rnbr_med,rnbr_mean,rnbr_q25,rnbr_q75
INT24,0,hest_var50,all,log1p_raw,6,4510,0.5067512591017316,0.5042465280368382,0.4244089401096413,0.6035177051781906
INT24,0,hest_var50,all,cp10k_panel,6,4510,0.24728930895923024,0.27486960400765986,0.19953341997509488,0.32362303761977523
INT24,0,hest_var50,all,cp10k_full,6,4510,0.17987513406609357,0.23091757975713356,0.1018412516243936,0.28912577229095426
INT15,0,hest_var50,all,log1p_raw,6,4940,0.19769972831358332,0.24448540151519838,0.1279670330328884,0.2677177161785602
INT15,0,hest_var50,all,cp10k_panel,6,4940,0.1238162557011638,0.15725696725544525,0.0842142292281272,0.17717975184038165
INT15,0,hest_var50,all,cp10k_full,6,4940,0.08385862854579626,0.12435095420226673,0.058639066845967855,0.17166075440273068
INT14,0,hest_var50,all,log1p_raw,6,4562,0.20317395197616883,0.2328920635753308,0.15922257106284124,0.2785202858135017
INT14,0,hest_var50,all,cp10k_panel,6,4562,0.1496611604922864,0.15994122505224875,0.11015788805248,0.18829141396697316
INT14,0,hest_var50,all,cp10k_full,6,4562,0.09955072618090002,0.13482949412291625,0.07136831512591378,0.15771574485558923
INT13,0,hest_var50,all,log1p_raw,6,4359,0.3763345149055085,0.40922631024444456,0.2747212451952955,0.5508626831430473
INT13,0,hest_var50,all,cp10k_panel,6,4359,0.2533822201198793,0.26343498717746494,0.19415493474417495,0.3233198363445351
INT13,0,hest_var50,all,cp10k_full,6,4359,0.20268505596659375,0.21360921227494567,0.09311991188159836,0.3023839812649035
INT12,1,hest_var50,all,log1p_raw,6,1451,0.32156842270145825,0.30713617099631546,0.1667283392938757,0.420896193486711
INT12,1,hest_var50,all,cp10k_panel,6,1451,0.15446947261556543,0.16453996231430426,0.08921552915827895,0.24154455245734996
INT12,1,hest_var50,all,cp10k_full,6,1451,0.17418911858346414,0.20827260803653683,0.051598512824167296,0.3102154686182509
INT11,1,hest_var50,all,log1p_raw,6,1439,0.3886950404120316,0.4051793790664063,0.31190354399803777,0.4771404773578441
INT11,1,hest_var50,all,cp10k_panel,6,1439,0.14739725581755758,0.15731615280234756,0.11286219087856125,0.20711226224632648
INT11,1,hest_var50,all,cp10k_full,6,1439,0.09359514106449951,0.1073792209008252,0.03534869356615146,0.15184601369943762
INT10,1,hest_var50,all,log1p_raw,6,1983,0.7222986773315254,0.7163697548359645,0.6019555159114609,0.8487000672949994
INT10,1,hest_var50,all,cp10k_panel,6,1983,0.514523554158245,0.5110669756824663,0.445301754666287,0.5977935969170964
INT10,1,hest_var50,all,cp10k_full,6,1983,0.24164047773151026,0.27817254339482145,0.17090893921246514,0.4091662079768982
INT9,1,hest_var50,all,log1p_raw,6,1696,0.5082438138605524,0.48551876232201524,0.3510194184074681,0.6321218642728219
INT9,1,hest_var50,all,cp10k_panel,6,1696,0.2914138946789551,0.28732041406428477,0.23120265054260145,0.36039486770299495
INT9,1,hest_var50,all,cp10k_full,6,1696,0.1473154667502754,0.15155457689639956,0.10158328369839077,0.2167484389228576
INT8,2,hest_var50,all,log1p_raw,6,1949,0.5173405783668501,0.518475768283463,0.38029225428716174,0.640328950547819
INT8,2,hest_var50,all,cp10k_panel,6,1949,0.23357724788617468,0.24091904341456444,0.18759494685954878,0.2805499199429101
INT8,2,hest_var50,all,cp10k_full,6,1949,0.16084527035955595,0.20881640770707513,0.10638752769056378,0.27526329013951767
INT7,2,hest_var50,all,log1p_raw,6,2374,0.3177644283749894,0.3382452945375338,0.22487337545649905,0.4446504848861008
INT7,2,hest_var50,all,cp10k_panel,6,2374,0.1584879312309352,0.15185616815733458,0.11472603792554942,0.18977470490442191
INT7,2,hest_var50,all,cp10k_full,6,2374,0.07665525954917018,0.0952727282754431,0.03973236852374666,0.13009494829607682
INT6,2,hest_var50,all,log1p_raw,6,1678,0.48342718427189957,0.495140756209346,0.3778915042791028,0.5768438445446333
INT6,2,hest_var50,all,cp10k_panel,6,1678,0.30048908004727837,0.31464079205127116,0.26616893955489473,0.3758854467380679
INT6,2,hest_var50,all,cp10k_full,6,1678,0.1318669407658591,0.1637774836021673,0.09651696686799635,0.2154098475195988
INT23,2,hest_var50,all,log1p_raw,6,4755,0.3436035148991081,0.36257362245187996,0.23713599063582624,0.4808647418284342
INT23,2,hest_var50,all,cp10k_panel,6,4755,0.19536586250261356,0.2086916182857788,0.13731678361571903,0.26140846115682254
INT23,2,hest_var50,all,cp10k_full,6,4755,0.17293707028948108,0.21960608668413542,0.09190111016415736,0.3182652741447823
INT5,3,hest_var50,all,log1p_raw,6,1186,0.7453985471194109,0.6935205900162655,0.6432193948931642,0.7846660476067695
INT5,3,hest_var50,all,cp10k_panel,6,1186,0.3169356951923082,0.34264787755745785,0.2458317710287703,0.4200072206082197
INT5,3,hest_var50,all,cp10k_full,6,1186,0.553789527277487,0.5152528701507602,0.40610231124544105,0.6218534276789054
INT4,3,hest_var50,all,log1p_raw,6,1349,0.34302757699081665,0.36455591597330717,0.25205993303310653,0.4637630606174469
INT4,3,hest_var50,all,cp10k_panel,6,1349,0.21751279703623452,0.2245426576093292,0.15717127091058405,0.27911916830292427
INT4,3,hest_var50,all,cp10k_full,6,1349,0.12043163729966606,0.13741671810005754,0.07188459050141513,0.18695833147179053
INT3,3,hest_var50,all,log1p_raw,6,2007,0.27717733804389866,0.2816757595734691,0.17616127940192877,0.3721549654722026
INT3,3,hest_var50,all,cp10k_panel,6,2007,0.1624476092946761,0.16257035243350415,0.10859952397919295,0.2134119147106731
INT3,3,hest_var50,all,cp10k_full,6,2007,0.09667689285429125,0.0965685507546514,0.04544766671098419,0.14985106461037256
INT2,3,hest_var50,all,log1p_raw,6,2580,0.38683624359045743,0.3750516557832791,0.2105659816088084,0.5060419245518114
INT2,3,hest_var50,all,cp10k_panel,6,2580,0.2489933198003605,0.24178583460880954,0.15743394988273346,0.31867689083538353
INT2,3,hest_var50,all,cp10k_full,6,2580,0.14276534400674284,0.15219709215404126,0.07964729501821124,0.20308299788102904
INT1,4,hest_var50,all,log1p_raw,6,1084,0.1554645367277303,0.16946365251709292,0.07593290709767771,0.24524544973182574
INT1,4,hest_var50,all,cp10k_panel,6,1084,0.11316883019373308,0.1035131749182181,0.06398322600273113,0.147420684151009
INT1,4,hest_var50,all,cp10k_full,6,1084,0.06082055838422229,0.06675896336970964,0.020675494378338672,0.11048682306144827
INT22,4,hest_var50,all,log1p_raw,6,3829,0.30205297472812337,0.33073566065579607,0.21643625783871062,0.4027695513249081
INT22,4,hest_var50,all,cp10k_panel,6,3829,0.1597674112761273,0.19216024834944437,0.11814396867565352,0.24824403758121905
INT22,4,hest_var50,all,cp10k_full,6,3829,0.09682749933752412,0.16005977609124855,0.0552599390661376,0.22919693970527083
INT21,4,hest_var50,all,log1p_raw,6,4975,0.4238875790037344,0.45256998434226126,0.3140237000034431,0.567073466615555
INT21,4,hest_var50,all,cp10k_panel,6,4975,0.32371386788834156,0.34120027935113845,0.2229142461300531,0.46078965314402126
INT21,4,hest_var50,all,cp10k_full,6,4975,0.2856906879897464,0.2867820164121451,0.12175245881646538,0.4088746518989574
INT20,4,hest_var50,all,log1p_raw,6,4860,0.3034465491104147,0.31996857543902946,0.19726484722923843,0.41632438258925086
INT20,4,hest_var50,all,cp10k_panel,6,4860,0.21111976244531616,0.21883613992026227,0.14585838363237752,0.27369188528892535
INT20,4,hest_var50,all,cp10k_full,6,4860,0.15432114970358796,0.19114254449464446,0.09290085140390589,0.26916131257815695
INT19,5,hest_var50,all,log1p_raw,6,4948,0.25573079881165117,0.2798248316007745,0.1916666973196184,0.330160230247576
INT19,5,hest_var50,all,cp10k_panel,6,4948,0.18529983884588366,0.20195768295929917,0.13656326466184499,0.2434583391586238
INT19,5,hest_var50,all,cp10k_full,6,4948,0.10535861079333089,0.12846772635770345,0.06333070111591448,0.14499668185016906
INT18,5,hest_var50,all,log1p_raw,6,4915,0.45990995267588664,0.5019583575236333,0.3489327537033812,0.6250756065725918
INT18,5,hest_var50,all,cp10k_panel,6,4915,0.3180314846822204,0.3414815926958916,0.24429717567293882,0.42802163597515197
INT18,5,hest_var50,all,cp10k_full,6,4915,0.18363971455908557,0.2115882054128736,0.10895717649631768,0.29707487515206576
INT17,5,hest_var50,all,log1p_raw,6,3585,0.2772162446498453,0.30274342370990404,0.19785084707827255,0.3840563679554754
INT17,5,hest_var50,all,cp10k_panel,6,3585,0.20364926875313344,0.2150442319489188,0.14555116551205777,0.2664481928468995
INT17,5,hest_var50,all,cp10k_full,6,3585,0.12608647594903705,0.15124866117667216,0.07555470660522232,0.18216725218653698
INT16,5,hest_var50,all,log1p_raw,6,3206,0.23330881599601738,0.25630416166997616,0.16511496448720533,0.30980937039491446
INT16,5,hest_var50,all,cp10k_panel,6,3206,0.13729064870040586,0.1467812842667313,0.08853903109365599,0.17871356487406462
INT16,5,hest_var50,all,cp10k_full,6,3206,0.10332420860326902,0.1316669661084432,0.043672764569996796,0.1755995770854484
INT24,0,trainHVG737,all,log1p_raw,6,4510,0.5110571539545449,0.5229072862319128,0.42691247435546525,0.6253868989649837
INT24,0,trainHVG737,all,cp10k_panel,6,4510,0.21623345640156733,0.25344256176569746,0.1562402818854099,0.3187216232668601
INT24,0,trainHVG737,all,cp10k_full,6,4510,0.1820602831896784,0.2354410662912411,0.10999525883839496,0.3117223877658265
INT15,0,trainHVG737,all,log1p_raw,6,4940,0.24596318339198356,0.28574301988380935,0.14306781652182782,0.382016345753231
INT15,0,trainHVG737,all,cp10k_panel,6,4940,0.1234522819320222,0.15565441667925353,0.06791555676308568,0.2089606513585409
INT15,0,trainHVG737,all,cp10k_full,6,4940,0.09886583880806366,0.1397650794776928,0.04656178370857836,0.19432157507817785
INT14,0,trainHVG737,all,log1p_raw,6,4562,0.24579682330560998,0.2863620682528528,0.16302072362869538,0.37243240695759955
INT14,0,trainHVG737,all,cp10k_panel,6,4562,0.12153572651775607,0.15925378147475822,0.07301716354092108,0.20963447413680847
INT14,0,trainHVG737,all,cp10k_full,6,4562,0.103670064504957,0.1486148205293937,0.053875160448386944,0.19788940906785252
INT13,0,trainHVG737,all,log1p_raw,6,4359,0.38986596717386185,0.41476862698280703,0.28512443974492724,0.5270503678129068
INT13,0,trainHVG737,all,cp10k_panel,6,4359,0.19886672868977548,0.2232084944575018,0.13721587699475515,0.28776241019264953
INT13,0,trainHVG737,all,cp10k_full,6,4359,0.13844065949041062,0.18119234180099691,0.08200790896528475,0.24436674754521015
INT12,1,trainHVG737,all,log1p_raw,6,1451,0.2627593772428019,0.2994719868514599,0.16605205006272808,0.4053892081413111
INT12,1,trainHVG737,all,cp10k_panel,6,1451,0.11876047298072365,0.17217951701431594,0.06108624571974839,0.23475439582254917
INT12,1,trainHVG737,all,cp10k_full,6,1451,0.11847600962759391,0.18187966524617905,0.05066057001938333,0.2611519621199578
INT11,1,trainHVG737,all,log1p_raw,6,1439,0.3888862525704575,0.4113545572186161,0.30322458464834257,0.48298621654083596
INT11,1,trainHVG737,all,cp10k_panel,6,1439,0.10612361875040267,0.1307119668527846,0.06353550845413056,0.1585308389933034
INT11,1,trainHVG737,all,cp10k_full,6,1439,0.08330395261854684,0.11876487232034841,0.0351027283195543,0.14863132608825683
INT10,1,trainHVG737,all,log1p_raw,6,1983,0.7606883481929952,0.7422411550556666,0.6546103146831465,0.8463457131923214
INT10,1,trainHVG737,all,cp10k_panel,6,1983,0.42750132936033136,0.42226660330528687,0.33988443933548795,0.5056011720914962
INT10,1,trainHVG737,all,cp10k_full,6,1983,0.25905392590976256,0.2769672946033505,0.17250707787168054,0.3620389838922268
INT9,1,trainHVG737,all,log1p_raw,6,1696,0.4671000162026805,0.48069024851724224,0.35592050807362047,0.6106263060839741
INT9,1,trainHVG737,all,cp10k_panel,6,1696,0.22226605795918974,0.22651243349241193,0.15578557584389593,0.2861113210677269
INT9,1,trainHVG737,all,cp10k_full,6,1696,0.12742628226778818,0.1520277916299732,0.07848227198726374,0.20123134655164435
INT8,2,trainHVG737,all,log1p_raw,6,1949,0.4948070728070402,0.5041223744173268,0.3810185490204103,0.6135085094405044
INT8,2,trainHVG737,all,cp10k_panel,6,1949,0.18065334046765677,0.21193901151828087,0.1321960133939657,0.25877266288492795
INT8,2,trainHVG737,all,cp10k_full,6,1949,0.1354563800987764,0.18491861409189814,0.08625796026516075,0.24844935250988331
INT7,2,trainHVG737,all,log1p_raw,6,2374,0.38928148599990997,0.4024330479441532,0.28625761102768493,0.5053574788666809
INT7,2,trainHVG737,all,cp10k_panel,6,2374,0.1136580751308897,0.12850964765621145,0.08045371933134653,0.15469221019131138
INT7,2,trainHVG737,all,cp10k_full,6,2374,0.09226640360341459,0.12082877384504846,0.052615866897634006,0.1579946494822548
INT6,2,trainHVG737,all,log1p_raw,6,1678,0.5503386213403925,0.5493474305324758,0.4375973880946108,0.6543877629649771
INT6,2,trainHVG737,all,cp10k_panel,6,1678,0.25380689791532834,0.25724757215777594,0.19328413630473043,0.3089446480240754
INT6,2,trainHVG737,all,cp10k_full,6,1678,0.17092427883148092,0.19258320327598696,0.11190903519232427,0.2487509177018965
INT23,2,trainHVG737,all,log1p_raw,6,4755,0.43333276799883536,0.44484766651382385,0.3006581696836984,0.5818757507782811
INT23,2,trainHVG737,all,cp10k_panel,6,4755,0.22743049846060523,0.27121101176744905,0.13979178475124912,0.3749911854879325
INT23,2,trainHVG737,all,cp10k_full,6,4755,0.18678391884848883,0.24050044624452233,0.09518183864695204,0.3382824292627828
INT5,3,trainHVG737,all,log1p_raw,6,1186,0.4394169322797045,0.4652318294689694,0.34029161450838696,0.5918731681439722
INT5,3,trainHVG737,all,cp10k_panel,6,1186,0.19132263136645097,0.22855792985073656,0.1223644838880174,0.2979814581075328
INT5,3,trainHVG737,all,cp10k_full,6,1186,0.17622038188006486,0.23383250943424636,0.08964640392372326,0.33144492949443416
INT4,3,trainHVG737,all,log1p_raw,6,1349,0.24579183621274198,0.2816681619868658,0.158663744915443,0.37380047426351004
INT4,3,trainHVG737,all,cp10k_panel,6,1349,0.12212329912261738,0.14096385428290967,0.0720152430805366,0.19591095202309286
INT4,3,trainHVG737,all,cp10k_full,6,1349,0.08000839646156006,0.10389563424247901,0.0384669672142974,0.1471601632274572
INT3,3,trainHVG737,all,log1p_raw,6,2007,0.17060409420898534,0.20121915401348642,0.10442327889430889,0.2610416959056673
INT3,3,trainHVG737,all,cp10k_panel,6,2007,0.08839416076817344,0.09881403633823145,0.05093882723431113,0.13839005661822623
INT3,3,trainHVG737,all,cp10k_full,6,2007,0.05192104293448784,0.06482607199429612,0.020271560490998985,0.09293313560960619
INT2,3,trainHVG737,all,log1p_raw,6,2580,0.18962241049813927,0.237348717656163,0.12602823728551288,0.31303186171989594
INT2,3,trainHVG737,all,cp10k_panel,6,2580,0.11453454780955652,0.1334588467929109,0.07238217476754306,0.1858971088685525
INT2,3,trainHVG737,all,cp10k_full,6,2580,0.06891265593204991,0.08786461603549778,0.03688255628462338,0.12307529582042998
INT1,4,trainHVG737,all,log1p_raw,6,1084,0.14035373523323738,0.16523647881866946,0.07813066014265652,0.21795183527625184
INT1,4,trainHVG737,all,cp10k_panel,6,1084,0.07309539211411949,0.07876986172855659,0.029929480022573885,0.11979305535019219
INT1,4,trainHVG737,all,cp10k_full,6,1084,0.0498349615469335,0.06036095859983058,0.010046441868348603,0.09433265764923007
INT22,4,trainHVG737,all,log1p_raw,6,3829,0.35158626405922816,0.3825910131007024,0.2600602258517342,0.47424372354304795
INT22,4,trainHVG737,all,cp10k_panel,6,3829,0.14482597795177898,0.1842639833168295,0.09607313980630569,0.23183110963380693
INT22,4,trainHVG737,all,cp10k_full,6,3829,0.11533747799547672,0.1721119267481898,0.06626807655704572,0.23541060441926798
INT21,4,trainHVG737,all,log1p_raw,6,4975,0.47963907828161456,0.49608251640492584,0.3693699307179271,0.6080053662417712
INT21,4,trainHVG737,all,cp10k_panel,6,4975,0.2781977225648424,0.3124313902976726,0.19249939167822253,0.40259289247006774
INT21,4,trainHVG737,all,cp10k_full,6,4975,0.21725697840164937,0.27184355478213823,0.12373556099855999,0.37306819492751225
INT20,4,trainHVG737,all,log1p_raw,6,4860,0.31068598020605165,0.33554220498227194,0.2195606392110226,0.4253031055172953
INT20,4,trainHVG737,all,cp10k_panel,6,4860,0.17432274777381165,0.1971879772517676,0.11877654140561357,0.2536248501055633
INT20,4,trainHVG737,all,cp10k_full,6,4860,0.13451079147840223,0.17068450147894834,0.08209971318208537,0.2261936786166056
INT19,5,trainHVG737,all,log1p_raw,6,4948,0.2752211034167305,0.31421925550377455,0.19210749671242122,0.4082516383126531
INT19,5,trainHVG737,all,cp10k_panel,6,4948,0.15317170091533375,0.1738817525420391,0.10059927007511364,0.227533099203171
INT19,5,trainHVG737,all,cp10k_full,6,4948,0.10035993128188667,0.1283947820155853,0.059541614908429935,0.17033638596652018
INT18,5,trainHVG737,all,log1p_raw,6,4915,0.5918023499080665,0.588300495473915,0.4385345473106896,0.7338148302087262
INT18,5,trainHVG737,all,cp10k_panel,6,4915,0.33196953639448346,0.32622065241783943,0.22538327463305113,0.421153879145244
INT18,5,trainHVG737,all,cp10k_full,6,4915,0.23867275894976167,0.25530773520941624,0.14943839371514758,0.34194515050151386
INT17,5,trainHVG737,all,log1p_raw,6,3585,0.3619688180745534,0.3856233780788343,0.24536853097863537,0.5042692685392481
INT17,5,trainHVG737,all,cp10k_panel,6,3585,0.202064308317437,0.2219924911074666,0.12939432995984312,0.2941946850546999
INT17,5,trainHVG737,all,cp10k_full,6,3585,0.1626219876810158,0.19706632133420024,0.08880587233172747,0.2755178152379917
INT16,5,trainHVG737,all,log1p_raw,6,3206,0.2936775693865626,0.3258025486568698,0.19043738349647588,0.44608580734961506
INT16,5,trainHVG737,all,cp10k_panel,6,3206,0.138663423711399,0.17072334067226383,0.08001213311913945,0.22639444330318398
INT16,5,trainHVG737,all,cp10k_full,6,3206,0.11467081308003335,0.16348422714695537,0.05650567437335448,0.2311148788855255
